PATH,NAME,PATH_QUALTRICS,NUMBER_QUALTRICS,ORIENTATION
https://storage.cloud.google.com/mooney_holistic_complete/,U0001.bmp,https://storage.cloud.google.com/mooney_holistic_complete/U0001.bmp,1,upright
https://storage.cloud.google.com/mooney_holistic_complete/,U0003.bmp,https://storage.cloud.google.com/mooney_holistic_complete/U0003.bmp,2,upright
https://storage.cloud.google.com/mooney_holistic_complete/,U0005.bmp,https://storage.cloud.google.com/mooney_holistic_complete/U0005.bmp,3,upright
https://storage.cloud.google.com/mooney_holistic_complete/,U0006.bmp,https://storage.cloud.google.com/mooney_holistic_complete/U0006.bmp,4,upright
https://storage.cloud.google.com/mooney_holistic_complete/,U0009.bmp,https://storage.cloud.google.com/mooney_holistic_complete/U0009.bmp,5,upright
https://storage.cloud.google.com/mooney_holistic_complete/,U0010.bmp,https://storage.cloud.google.com/mooney_holistic_complete/U0010.bmp,6,upright
https://storage.cloud.google.com/mooney_holistic_complete/,U0011.bmp,https://storage.cloud.google.com/mooney_holistic_complete/U0011.bmp,7,upright
https://storage.cloud.google.com/mooney_holistic_complete/,U0012.bmp,https://storage.cloud.google.com/mooney_holistic_complete/U0012.bmp,8,upright
https://storage.cloud.google.com/mooney_holistic_complete/,U0014.bmp,https://storage.cloud.google.com/mooney_holistic_complete/U0014.bmp,9,upright
https://storage.cloud.google.com/mooney_holistic_complete/,U0015.bmp,https://storage.cloud.google.com/mooney_holistic_complete/U0015.bmp,10,upright
https://storage.cloud.google.com/mooney_holistic_complete/,U0017.bmp,https://storage.cloud.google.com/mooney_holistic_complete/U0017.bmp,11,upright
https://storage.cloud.google.com/mooney_holistic_complete/,U0018.bmp,https://storage.cloud.google.com/mooney_holistic_complete/U0018.bmp,12,upright
https://storage.cloud.google.com/mooney_holistic_complete/,U0019.bmp,https://storage.cloud.google.com/mooney_holistic_complete/U0019.bmp,13,upright
https://storage.cloud.google.com/mooney_holistic_complete/,U0020.bmp,https://storage.cloud.google.com/mooney_holistic_complete/U0020.bmp,14,upright
https://storage.cloud.google.com/mooney_holistic_complete/,U0023.bmp,https://storage.cloud.google.com/mooney_holistic_complete/U0023.bmp,15,upright
https://storage.cloud.google.com/mooney_holistic_complete/,U0024.bmp,https://storage.cloud.google.com/mooney_holistic_complete/U0024.bmp,16,upright
https://storage.cloud.google.com/mooney_holistic_complete/,U0025.bmp,https://storage.cloud.google.com/mooney_holistic_complete/U0025.bmp,17,upright
https://storage.cloud.google.com/mooney_holistic_complete/,U0026.bmp,https://storage.cloud.google.com/mooney_holistic_complete/U0026.bmp,18,upright
https://storage.cloud.google.com/mooney_holistic_complete/,U0027.bmp,https://storage.cloud.google.com/mooney_holistic_complete/U0027.bmp,19,upright
https://storage.cloud.google.com/mooney_holistic_complete/,U0028.bmp,https://storage.cloud.google.com/mooney_holistic_complete/U0028.bmp,20,upright
https://storage.cloud.google.com/mooney_holistic_complete/,U0030.bmp,https://storage.cloud.google.com/mooney_holistic_complete/U0030.bmp,21,upright
https://storage.cloud.google.com/mooney_holistic_complete/,U0031.bmp,https://storage.cloud.google.com/mooney_holistic_complete/U0031.bmp,22,upright
https://storage.cloud.google.com/mooney_holistic_complete/,U0033.bmp,https://storage.cloud.google.com/mooney_holistic_complete/U0033.bmp,23,upright
https://storage.cloud.google.com/mooney_holistic_complete/,U0034.bmp,https://storage.cloud.google.com/mooney_holistic_complete/U0034.bmp,24,upright
https://storage.cloud.google.com/mooney_holistic_complete/,U0036.bmp,https://storage.cloud.google.com/mooney_holistic_complete/U0036.bmp,25,upright
https://storage.cloud.google.com/mooney_holistic_complete/,U0037.bmp,https://storage.cloud.google.com/mooney_holistic_complete/U0037.bmp,26,upright
https://storage.cloud.google.com/mooney_holistic_complete/,U0038.bmp,https://storage.cloud.google.com/mooney_holistic_complete/U0038.bmp,27,upright
https://storage.cloud.google.com/mooney_holistic_complete/,U0039.bmp,https://storage.cloud.google.com/mooney_holistic_complete/U0039.bmp,28,upright
https://storage.cloud.google.com/mooney_holistic_complete/,U0041.bmp,https://storage.cloud.google.com/mooney_holistic_complete/U0041.bmp,29,upright
https://storage.cloud.google.com/mooney_holistic_complete/,U0042.bmp,https://storage.cloud.google.com/mooney_holistic_complete/U0042.bmp,30,upright
https://storage.cloud.google.com/mooney_holistic_complete/,U0046.bmp,https://storage.cloud.google.com/mooney_holistic_complete/U0046.bmp,31,upright
https://storage.cloud.google.com/mooney_holistic_complete/,U0047.bmp,https://storage.cloud.google.com/mooney_holistic_complete/U0047.bmp,32,upright
https://storage.cloud.google.com/mooney_holistic_complete/,U0048.bmp,https://storage.cloud.google.com/mooney_holistic_complete/U0048.bmp,33,upright
https://storage.cloud.google.com/mooney_holistic_complete/,U0049.bmp,https://storage.cloud.google.com/mooney_holistic_complete/U0049.bmp,34,upright
https://storage.cloud.google.com/mooney_holistic_complete/,U0050.bmp,https://storage.cloud.google.com/mooney_holistic_complete/U0050.bmp,35,upright
https://storage.cloud.google.com/mooney_holistic_complete/,U0052.bmp,https://storage.cloud.google.com/mooney_holistic_complete/U0052.bmp,36,upright
https://storage.cloud.google.com/mooney_holistic_complete/,U0057.bmp,https://storage.cloud.google.com/mooney_holistic_complete/U0057.bmp,37,upright
https://storage.cloud.google.com/mooney_holistic_complete/,U0058.bmp,https://storage.cloud.google.com/mooney_holistic_complete/U0058.bmp,38,upright
https://storage.cloud.google.com/mooney_holistic_complete/,U0059.bmp,https://storage.cloud.google.com/mooney_holistic_complete/U0059.bmp,39,upright
https://storage.cloud.google.com/mooney_holistic_complete/,U0061.bmp,https://storage.cloud.google.com/mooney_holistic_complete/U0061.bmp,40,upright
https://storage.cloud.google.com/mooney_holistic_complete/,U0064.bmp,https://storage.cloud.google.com/mooney_holistic_complete/U0064.bmp,41,upright
https://storage.cloud.google.com/mooney_holistic_complete/,U0068.bmp,https://storage.cloud.google.com/mooney_holistic_complete/U0068.bmp,42,upright
https://storage.cloud.google.com/mooney_holistic_complete/,U0069.bmp,https://storage.cloud.google.com/mooney_holistic_complete/U0069.bmp,43,upright
https://storage.cloud.google.com/mooney_holistic_complete/,U0071.bmp,https://storage.cloud.google.com/mooney_holistic_complete/U0071.bmp,44,upright
https://storage.cloud.google.com/mooney_holistic_complete/,U0072.bmp,https://storage.cloud.google.com/mooney_holistic_complete/U0072.bmp,45,upright
https://storage.cloud.google.com/mooney_holistic_complete/,U0073.bmp,https://storage.cloud.google.com/mooney_holistic_complete/U0073.bmp,46,upright
https://storage.cloud.google.com/mooney_holistic_complete/,U0074.bmp,https://storage.cloud.google.com/mooney_holistic_complete/U0074.bmp,47,upright
https://storage.cloud.google.com/mooney_holistic_complete/,U0075.bmp,https://storage.cloud.google.com/mooney_holistic_complete/U0075.bmp,48,upright
https://storage.cloud.google.com/mooney_holistic_complete/,U0076.bmp,https://storage.cloud.google.com/mooney_holistic_complete/U0076.bmp,49,upright
https://storage.cloud.google.com/mooney_holistic_complete/,U0078.bmp,https://storage.cloud.google.com/mooney_holistic_complete/U0078.bmp,50,upright
https://storage.cloud.google.com/mooney_holistic_complete/,U0079.bmp,https://storage.cloud.google.com/mooney_holistic_complete/U0079.bmp,51,upright
https://storage.cloud.google.com/mooney_holistic_complete/,U0080.bmp,https://storage.cloud.google.com/mooney_holistic_complete/U0080.bmp,52,upright
https://storage.cloud.google.com/mooney_holistic_complete/,U0084.bmp,https://storage.cloud.google.com/mooney_holistic_complete/U0084.bmp,53,upright
https://storage.cloud.google.com/mooney_holistic_complete/,U0086.bmp,https://storage.cloud.google.com/mooney_holistic_complete/U0086.bmp,54,upright
https://storage.cloud.google.com/mooney_holistic_complete/,U0087.bmp,https://storage.cloud.google.com/mooney_holistic_complete/U0087.bmp,55,upright
https://storage.cloud.google.com/mooney_holistic_complete/,U0090.bmp,https://storage.cloud.google.com/mooney_holistic_complete/U0090.bmp,56,upright
https://storage.cloud.google.com/mooney_holistic_complete/,U0091.bmp,https://storage.cloud.google.com/mooney_holistic_complete/U0091.bmp,57,upright
https://storage.cloud.google.com/mooney_holistic_complete/,U0093.bmp,https://storage.cloud.google.com/mooney_holistic_complete/U0093.bmp,58,upright
https://storage.cloud.google.com/mooney_holistic_complete/,U0095.bmp,https://storage.cloud.google.com/mooney_holistic_complete/U0095.bmp,59,upright
https://storage.cloud.google.com/mooney_holistic_complete/,U0096.bmp,https://storage.cloud.google.com/mooney_holistic_complete/U0096.bmp,60,upright
https://storage.cloud.google.com/mooney_holistic_complete/,U0097.bmp,https://storage.cloud.google.com/mooney_holistic_complete/U0097.bmp,61,upright
https://storage.cloud.google.com/mooney_holistic_complete/,U0101.bmp,https://storage.cloud.google.com/mooney_holistic_complete/U0101.bmp,62,upright
https://storage.cloud.google.com/mooney_holistic_complete/,U0103.bmp,https://storage.cloud.google.com/mooney_holistic_complete/U0103.bmp,63,upright
https://storage.cloud.google.com/mooney_holistic_complete/,U0106.bmp,https://storage.cloud.google.com/mooney_holistic_complete/U0106.bmp,64,upright
https://storage.cloud.google.com/mooney_holistic_complete/,U0107.bmp,https://storage.cloud.google.com/mooney_holistic_complete/U0107.bmp,65,upright
https://storage.cloud.google.com/mooney_holistic_complete/,U0108.bmp,https://storage.cloud.google.com/mooney_holistic_complete/U0108.bmp,66,upright
https://storage.cloud.google.com/mooney_holistic_complete/,U0110.bmp,https://storage.cloud.google.com/mooney_holistic_complete/U0110.bmp,67,upright
https://storage.cloud.google.com/mooney_holistic_complete/,U0114.bmp,https://storage.cloud.google.com/mooney_holistic_complete/U0114.bmp,68,upright
https://storage.cloud.google.com/mooney_holistic_complete/,U0117.bmp,https://storage.cloud.google.com/mooney_holistic_complete/U0117.bmp,69,upright
https://storage.cloud.google.com/mooney_holistic_complete/,U0120.bmp,https://storage.cloud.google.com/mooney_holistic_complete/U0120.bmp,70,upright
https://storage.cloud.google.com/mooney_holistic_complete/,U0121.bmp,https://storage.cloud.google.com/mooney_holistic_complete/U0121.bmp,71,upright
https://storage.cloud.google.com/mooney_holistic_complete/,U0122.bmp,https://storage.cloud.google.com/mooney_holistic_complete/U0122.bmp,72,upright
https://storage.cloud.google.com/mooney_holistic_complete/,U0123.bmp,https://storage.cloud.google.com/mooney_holistic_complete/U0123.bmp,73,upright
https://storage.cloud.google.com/mooney_holistic_complete/,U0124.bmp,https://storage.cloud.google.com/mooney_holistic_complete/U0124.bmp,74,upright
https://storage.cloud.google.com/mooney_holistic_complete/,U0125.bmp,https://storage.cloud.google.com/mooney_holistic_complete/U0125.bmp,75,upright
https://storage.cloud.google.com/mooney_holistic_complete/,U0126.bmp,https://storage.cloud.google.com/mooney_holistic_complete/U0126.bmp,76,upright
https://storage.cloud.google.com/mooney_holistic_complete/,U0128.bmp,https://storage.cloud.google.com/mooney_holistic_complete/U0128.bmp,77,upright
https://storage.cloud.google.com/mooney_holistic_complete/,U0129.bmp,https://storage.cloud.google.com/mooney_holistic_complete/U0129.bmp,78,upright
https://storage.cloud.google.com/mooney_holistic_complete/,U0131.bmp,https://storage.cloud.google.com/mooney_holistic_complete/U0131.bmp,79,upright
https://storage.cloud.google.com/mooney_holistic_complete/,U0133.bmp,https://storage.cloud.google.com/mooney_holistic_complete/U0133.bmp,80,upright
https://storage.cloud.google.com/mooney_holistic_complete/,U0134.bmp,https://storage.cloud.google.com/mooney_holistic_complete/U0134.bmp,81,upright
https://storage.cloud.google.com/mooney_holistic_complete/,U0136.bmp,https://storage.cloud.google.com/mooney_holistic_complete/U0136.bmp,82,upright
https://storage.cloud.google.com/mooney_holistic_complete/,U0137.bmp,https://storage.cloud.google.com/mooney_holistic_complete/U0137.bmp,83,upright
https://storage.cloud.google.com/mooney_holistic_complete/,U0138.bmp,https://storage.cloud.google.com/mooney_holistic_complete/U0138.bmp,84,upright
https://storage.cloud.google.com/mooney_holistic_complete/,U0139.bmp,https://storage.cloud.google.com/mooney_holistic_complete/U0139.bmp,85,upright
https://storage.cloud.google.com/mooney_holistic_complete/,U0140.bmp,https://storage.cloud.google.com/mooney_holistic_complete/U0140.bmp,86,upright
https://storage.cloud.google.com/mooney_holistic_complete/,U0141.bmp,https://storage.cloud.google.com/mooney_holistic_complete/U0141.bmp,87,upright
https://storage.cloud.google.com/mooney_holistic_complete/,U0142.bmp,https://storage.cloud.google.com/mooney_holistic_complete/U0142.bmp,88,upright
https://storage.cloud.google.com/mooney_holistic_complete/,U0144.bmp,https://storage.cloud.google.com/mooney_holistic_complete/U0144.bmp,89,upright
https://storage.cloud.google.com/mooney_holistic_complete/,U0145.bmp,https://storage.cloud.google.com/mooney_holistic_complete/U0145.bmp,90,upright
https://storage.cloud.google.com/mooney_holistic_complete/,U0146.bmp,https://storage.cloud.google.com/mooney_holistic_complete/U0146.bmp,91,upright
https://storage.cloud.google.com/mooney_holistic_complete/,U0149.bmp,https://storage.cloud.google.com/mooney_holistic_complete/U0149.bmp,92,upright
https://storage.cloud.google.com/mooney_holistic_complete/,U0152.bmp,https://storage.cloud.google.com/mooney_holistic_complete/U0152.bmp,93,upright
https://storage.cloud.google.com/mooney_holistic_complete/,U0153.bmp,https://storage.cloud.google.com/mooney_holistic_complete/U0153.bmp,94,upright
https://storage.cloud.google.com/mooney_holistic_complete/,U0155.bmp,https://storage.cloud.google.com/mooney_holistic_complete/U0155.bmp,95,upright
https://storage.cloud.google.com/mooney_holistic_complete/,U0156.bmp,https://storage.cloud.google.com/mooney_holistic_complete/U0156.bmp,96,upright
https://storage.cloud.google.com/mooney_holistic_complete/,U0157.bmp,https://storage.cloud.google.com/mooney_holistic_complete/U0157.bmp,97,upright
https://storage.cloud.google.com/mooney_holistic_complete/,U0158.bmp,https://storage.cloud.google.com/mooney_holistic_complete/U0158.bmp,98,upright
https://storage.cloud.google.com/mooney_holistic_complete/,U0159.bmp,https://storage.cloud.google.com/mooney_holistic_complete/U0159.bmp,99,upright
https://storage.cloud.google.com/mooney_holistic_complete/,U0160.bmp,https://storage.cloud.google.com/mooney_holistic_complete/U0160.bmp,100,upright
https://storage.cloud.google.com/mooney_holistic_complete/,U0164.bmp,https://storage.cloud.google.com/mooney_holistic_complete/U0164.bmp,101,upright
https://storage.cloud.google.com/mooney_holistic_complete/,U0165.bmp,https://storage.cloud.google.com/mooney_holistic_complete/U0165.bmp,102,upright
https://storage.cloud.google.com/mooney_holistic_complete/,U0166.bmp,https://storage.cloud.google.com/mooney_holistic_complete/U0166.bmp,103,upright
https://storage.cloud.google.com/mooney_holistic_complete/,U0168.bmp,https://storage.cloud.google.com/mooney_holistic_complete/U0168.bmp,104,upright
https://storage.cloud.google.com/mooney_holistic_complete/,U0171.bmp,https://storage.cloud.google.com/mooney_holistic_complete/U0171.bmp,105,upright
https://storage.cloud.google.com/mooney_holistic_complete/,U0173.bmp,https://storage.cloud.google.com/mooney_holistic_complete/U0173.bmp,106,upright
https://storage.cloud.google.com/mooney_holistic_complete/,U0175.bmp,https://storage.cloud.google.com/mooney_holistic_complete/U0175.bmp,107,upright
https://storage.cloud.google.com/mooney_holistic_complete/,U0178.bmp,https://storage.cloud.google.com/mooney_holistic_complete/U0178.bmp,108,upright
https://storage.cloud.google.com/mooney_holistic_complete/,U0179.bmp,https://storage.cloud.google.com/mooney_holistic_complete/U0179.bmp,109,upright
https://storage.cloud.google.com/mooney_holistic_complete/,U0181.bmp,https://storage.cloud.google.com/mooney_holistic_complete/U0181.bmp,110,upright
https://storage.cloud.google.com/mooney_holistic_complete/,U0182.bmp,https://storage.cloud.google.com/mooney_holistic_complete/U0182.bmp,111,upright
https://storage.cloud.google.com/mooney_holistic_complete/,U0183.bmp,https://storage.cloud.google.com/mooney_holistic_complete/U0183.bmp,112,upright
https://storage.cloud.google.com/mooney_holistic_complete/,U0186.bmp,https://storage.cloud.google.com/mooney_holistic_complete/U0186.bmp,113,upright
https://storage.cloud.google.com/mooney_holistic_complete/,U0187.bmp,https://storage.cloud.google.com/mooney_holistic_complete/U0187.bmp,114,upright
https://storage.cloud.google.com/mooney_holistic_complete/,U0188.bmp,https://storage.cloud.google.com/mooney_holistic_complete/U0188.bmp,115,upright
https://storage.cloud.google.com/mooney_holistic_complete/,U0189.bmp,https://storage.cloud.google.com/mooney_holistic_complete/U0189.bmp,116,upright
https://storage.cloud.google.com/mooney_holistic_complete/,U0192.bmp,https://storage.cloud.google.com/mooney_holistic_complete/U0192.bmp,117,upright
https://storage.cloud.google.com/mooney_holistic_complete/,U0193.bmp,https://storage.cloud.google.com/mooney_holistic_complete/U0193.bmp,118,upright
https://storage.cloud.google.com/mooney_holistic_complete/,U0194.bmp,https://storage.cloud.google.com/mooney_holistic_complete/U0194.bmp,119,upright
https://storage.cloud.google.com/mooney_holistic_complete/,U0195.bmp,https://storage.cloud.google.com/mooney_holistic_complete/U0195.bmp,120,upright
https://storage.cloud.google.com/mooney_holistic_complete/,U0197.bmp,https://storage.cloud.google.com/mooney_holistic_complete/U0197.bmp,121,upright
https://storage.cloud.google.com/mooney_holistic_complete/,U0198.bmp,https://storage.cloud.google.com/mooney_holistic_complete/U0198.bmp,122,upright
https://storage.cloud.google.com/mooney_holistic_complete/,U0199.bmp,https://storage.cloud.google.com/mooney_holistic_complete/U0199.bmp,123,upright
https://storage.cloud.google.com/mooney_holistic_complete/,U0204.bmp,https://storage.cloud.google.com/mooney_holistic_complete/U0204.bmp,124,upright
https://storage.cloud.google.com/mooney_holistic_complete/,U0206.bmp,https://storage.cloud.google.com/mooney_holistic_complete/U0206.bmp,125,upright
https://storage.cloud.google.com/mooney_holistic_complete/,U0207.bmp,https://storage.cloud.google.com/mooney_holistic_complete/U0207.bmp,126,upright
https://storage.cloud.google.com/mooney_holistic_complete/,U0208.bmp,https://storage.cloud.google.com/mooney_holistic_complete/U0208.bmp,127,upright
https://storage.cloud.google.com/mooney_holistic_complete/,U0209.bmp,https://storage.cloud.google.com/mooney_holistic_complete/U0209.bmp,128,upright
https://storage.cloud.google.com/mooney_holistic_complete/,U0210.bmp,https://storage.cloud.google.com/mooney_holistic_complete/U0210.bmp,129,upright
https://storage.cloud.google.com/mooney_holistic_complete/,U0211.bmp,https://storage.cloud.google.com/mooney_holistic_complete/U0211.bmp,130,upright
https://storage.cloud.google.com/mooney_holistic_complete/,U0214.bmp,https://storage.cloud.google.com/mooney_holistic_complete/U0214.bmp,131,upright
https://storage.cloud.google.com/mooney_holistic_complete/,U0215.bmp,https://storage.cloud.google.com/mooney_holistic_complete/U0215.bmp,132,upright
https://storage.cloud.google.com/mooney_holistic_complete/,U0217.bmp,https://storage.cloud.google.com/mooney_holistic_complete/U0217.bmp,133,upright
https://storage.cloud.google.com/mooney_holistic_complete/,U0219.bmp,https://storage.cloud.google.com/mooney_holistic_complete/U0219.bmp,134,upright
https://storage.cloud.google.com/mooney_holistic_complete/,U0220.bmp,https://storage.cloud.google.com/mooney_holistic_complete/U0220.bmp,135,upright
https://storage.cloud.google.com/mooney_holistic_complete/,U0222.bmp,https://storage.cloud.google.com/mooney_holistic_complete/U0222.bmp,136,upright
https://storage.cloud.google.com/mooney_holistic_complete/,U0223.bmp,https://storage.cloud.google.com/mooney_holistic_complete/U0223.bmp,137,upright
https://storage.cloud.google.com/mooney_holistic_complete/,U0225.bmp,https://storage.cloud.google.com/mooney_holistic_complete/U0225.bmp,138,upright
https://storage.cloud.google.com/mooney_holistic_complete/,U0228.bmp,https://storage.cloud.google.com/mooney_holistic_complete/U0228.bmp,139,upright
https://storage.cloud.google.com/mooney_holistic_complete/,U0229.bmp,https://storage.cloud.google.com/mooney_holistic_complete/U0229.bmp,140,upright
https://storage.cloud.google.com/mooney_holistic_complete/,U0230.bmp,https://storage.cloud.google.com/mooney_holistic_complete/U0230.bmp,141,upright
https://storage.cloud.google.com/mooney_holistic_complete/,U0231.bmp,https://storage.cloud.google.com/mooney_holistic_complete/U0231.bmp,142,upright
https://storage.cloud.google.com/mooney_holistic_complete/,U0233.bmp,https://storage.cloud.google.com/mooney_holistic_complete/U0233.bmp,143,upright
https://storage.cloud.google.com/mooney_holistic_complete/,U0234.bmp,https://storage.cloud.google.com/mooney_holistic_complete/U0234.bmp,144,upright
https://storage.cloud.google.com/mooney_holistic_complete/,U0236.bmp,https://storage.cloud.google.com/mooney_holistic_complete/U0236.bmp,145,upright
https://storage.cloud.google.com/mooney_holistic_complete/,U0239.bmp,https://storage.cloud.google.com/mooney_holistic_complete/U0239.bmp,146,upright
https://storage.cloud.google.com/mooney_holistic_complete/,U0240.bmp,https://storage.cloud.google.com/mooney_holistic_complete/U0240.bmp,147,upright
https://storage.cloud.google.com/mooney_holistic_complete/,U0242.bmp,https://storage.cloud.google.com/mooney_holistic_complete/U0242.bmp,148,upright
https://storage.cloud.google.com/mooney_holistic_complete/,U0244.bmp,https://storage.cloud.google.com/mooney_holistic_complete/U0244.bmp,149,upright
https://storage.cloud.google.com/mooney_holistic_complete/,U0245.bmp,https://storage.cloud.google.com/mooney_holistic_complete/U0245.bmp,150,upright
https://storage.cloud.google.com/mooney_holistic_complete/,U0248.bmp,https://storage.cloud.google.com/mooney_holistic_complete/U0248.bmp,151,upright
https://storage.cloud.google.com/mooney_holistic_complete/,U0249.bmp,https://storage.cloud.google.com/mooney_holistic_complete/U0249.bmp,152,upright
https://storage.cloud.google.com/mooney_holistic_complete/,U0252.bmp,https://storage.cloud.google.com/mooney_holistic_complete/U0252.bmp,153,upright
https://storage.cloud.google.com/mooney_holistic_complete/,U0254.bmp,https://storage.cloud.google.com/mooney_holistic_complete/U0254.bmp,154,upright
https://storage.cloud.google.com/mooney_holistic_complete/,U0255.bmp,https://storage.cloud.google.com/mooney_holistic_complete/U0255.bmp,155,upright
https://storage.cloud.google.com/mooney_holistic_complete/,U0258.bmp,https://storage.cloud.google.com/mooney_holistic_complete/U0258.bmp,156,upright
https://storage.cloud.google.com/mooney_holistic_complete/,U0260.bmp,https://storage.cloud.google.com/mooney_holistic_complete/U0260.bmp,157,upright
https://storage.cloud.google.com/mooney_holistic_complete/,U0262.bmp,https://storage.cloud.google.com/mooney_holistic_complete/U0262.bmp,158,upright
https://storage.cloud.google.com/mooney_holistic_complete/,U0264.bmp,https://storage.cloud.google.com/mooney_holistic_complete/U0264.bmp,159,upright
https://storage.cloud.google.com/mooney_holistic_complete/,U0266.bmp,https://storage.cloud.google.com/mooney_holistic_complete/U0266.bmp,160,upright
https://storage.cloud.google.com/mooney_holistic_complete/,U0269.bmp,https://storage.cloud.google.com/mooney_holistic_complete/U0269.bmp,161,upright
https://storage.cloud.google.com/mooney_holistic_complete/,U0272.bmp,https://storage.cloud.google.com/mooney_holistic_complete/U0272.bmp,162,upright
https://storage.cloud.google.com/mooney_holistic_complete/,U0273.bmp,https://storage.cloud.google.com/mooney_holistic_complete/U0273.bmp,163,upright
https://storage.cloud.google.com/mooney_holistic_complete/,U0274.bmp,https://storage.cloud.google.com/mooney_holistic_complete/U0274.bmp,164,upright
https://storage.cloud.google.com/mooney_holistic_complete/,U0276.bmp,https://storage.cloud.google.com/mooney_holistic_complete/U0276.bmp,165,upright
https://storage.cloud.google.com/mooney_holistic_complete/,U0277.bmp,https://storage.cloud.google.com/mooney_holistic_complete/U0277.bmp,166,upright
https://storage.cloud.google.com/mooney_holistic_complete/,U0280.bmp,https://storage.cloud.google.com/mooney_holistic_complete/U0280.bmp,167,upright
https://storage.cloud.google.com/mooney_holistic_complete/,U0283.bmp,https://storage.cloud.google.com/mooney_holistic_complete/U0283.bmp,168,upright
https://storage.cloud.google.com/mooney_holistic_complete/,U0284.bmp,https://storage.cloud.google.com/mooney_holistic_complete/U0284.bmp,169,upright
https://storage.cloud.google.com/mooney_holistic_complete/,U0286.bmp,https://storage.cloud.google.com/mooney_holistic_complete/U0286.bmp,170,upright
https://storage.cloud.google.com/mooney_holistic_complete/,U0288.bmp,https://storage.cloud.google.com/mooney_holistic_complete/U0288.bmp,171,upright
https://storage.cloud.google.com/mooney_holistic_complete/,U0291.bmp,https://storage.cloud.google.com/mooney_holistic_complete/U0291.bmp,172,upright
https://storage.cloud.google.com/mooney_holistic_complete/,U0292.bmp,https://storage.cloud.google.com/mooney_holistic_complete/U0292.bmp,173,upright
https://storage.cloud.google.com/mooney_holistic_complete/,U0293.bmp,https://storage.cloud.google.com/mooney_holistic_complete/U0293.bmp,174,upright
https://storage.cloud.google.com/mooney_holistic_complete/,U0294.bmp,https://storage.cloud.google.com/mooney_holistic_complete/U0294.bmp,175,upright
https://storage.cloud.google.com/mooney_holistic_complete/,U0295.bmp,https://storage.cloud.google.com/mooney_holistic_complete/U0295.bmp,176,upright
https://storage.cloud.google.com/mooney_holistic_complete/,U0296.bmp,https://storage.cloud.google.com/mooney_holistic_complete/U0296.bmp,177,upright
https://storage.cloud.google.com/mooney_holistic_complete/,U0297.bmp,https://storage.cloud.google.com/mooney_holistic_complete/U0297.bmp,178,upright
https://storage.cloud.google.com/mooney_holistic_complete/,U0298.bmp,https://storage.cloud.google.com/mooney_holistic_complete/U0298.bmp,179,upright
https://storage.cloud.google.com/mooney_holistic_complete/,U0301.bmp,https://storage.cloud.google.com/mooney_holistic_complete/U0301.bmp,180,upright
https://storage.cloud.google.com/mooney_holistic_complete/,U0302.bmp,https://storage.cloud.google.com/mooney_holistic_complete/U0302.bmp,181,upright
https://storage.cloud.google.com/mooney_holistic_complete/,U0304.bmp,https://storage.cloud.google.com/mooney_holistic_complete/U0304.bmp,182,upright
https://storage.cloud.google.com/mooney_holistic_complete/,U0305.bmp,https://storage.cloud.google.com/mooney_holistic_complete/U0305.bmp,183,upright
https://storage.cloud.google.com/mooney_holistic_complete/,U0307.bmp,https://storage.cloud.google.com/mooney_holistic_complete/U0307.bmp,184,upright
https://storage.cloud.google.com/mooney_holistic_complete/,U0309.bmp,https://storage.cloud.google.com/mooney_holistic_complete/U0309.bmp,185,upright
https://storage.cloud.google.com/mooney_holistic_complete/,U0312.bmp,https://storage.cloud.google.com/mooney_holistic_complete/U0312.bmp,186,upright
https://storage.cloud.google.com/mooney_holistic_complete/,U0313.bmp,https://storage.cloud.google.com/mooney_holistic_complete/U0313.bmp,187,upright
https://storage.cloud.google.com/mooney_holistic_complete/,U0314.bmp,https://storage.cloud.google.com/mooney_holistic_complete/U0314.bmp,188,upright
https://storage.cloud.google.com/mooney_holistic_complete/,U0316.bmp,https://storage.cloud.google.com/mooney_holistic_complete/U0316.bmp,189,upright
https://storage.cloud.google.com/mooney_holistic_complete/,U0317.bmp,https://storage.cloud.google.com/mooney_holistic_complete/U0317.bmp,190,upright
https://storage.cloud.google.com/mooney_holistic_complete/,U0319.bmp,https://storage.cloud.google.com/mooney_holistic_complete/U0319.bmp,191,upright
https://storage.cloud.google.com/mooney_holistic_complete/,U0320.bmp,https://storage.cloud.google.com/mooney_holistic_complete/U0320.bmp,192,upright
https://storage.cloud.google.com/mooney_holistic_complete/,U0321.bmp,https://storage.cloud.google.com/mooney_holistic_complete/U0321.bmp,193,upright
https://storage.cloud.google.com/mooney_holistic_complete/,U0325.bmp,https://storage.cloud.google.com/mooney_holistic_complete/U0325.bmp,194,upright
https://storage.cloud.google.com/mooney_holistic_complete/,U0326.bmp,https://storage.cloud.google.com/mooney_holistic_complete/U0326.bmp,195,upright
https://storage.cloud.google.com/mooney_holistic_complete/,U0328.bmp,https://storage.cloud.google.com/mooney_holistic_complete/U0328.bmp,196,upright
https://storage.cloud.google.com/mooney_holistic_complete/,U0329.bmp,https://storage.cloud.google.com/mooney_holistic_complete/U0329.bmp,197,upright
https://storage.cloud.google.com/mooney_holistic_complete/,U0330.bmp,https://storage.cloud.google.com/mooney_holistic_complete/U0330.bmp,198,upright
https://storage.cloud.google.com/mooney_holistic_complete/,U0331.bmp,https://storage.cloud.google.com/mooney_holistic_complete/U0331.bmp,199,upright
https://storage.cloud.google.com/mooney_holistic_complete/,U0332.bmp,https://storage.cloud.google.com/mooney_holistic_complete/U0332.bmp,200,upright
https://storage.cloud.google.com/mooney_holistic_complete/,U0334.bmp,https://storage.cloud.google.com/mooney_holistic_complete/U0334.bmp,201,upright
https://storage.cloud.google.com/mooney_holistic_complete/,U0335.bmp,https://storage.cloud.google.com/mooney_holistic_complete/U0335.bmp,202,upright
https://storage.cloud.google.com/mooney_holistic_complete/,U0336.bmp,https://storage.cloud.google.com/mooney_holistic_complete/U0336.bmp,203,upright
https://storage.cloud.google.com/mooney_holistic_complete/,U0337.bmp,https://storage.cloud.google.com/mooney_holistic_complete/U0337.bmp,204,upright
https://storage.cloud.google.com/mooney_holistic_complete/,U0340.bmp,https://storage.cloud.google.com/mooney_holistic_complete/U0340.bmp,205,upright
https://storage.cloud.google.com/mooney_holistic_complete/,U0346.bmp,https://storage.cloud.google.com/mooney_holistic_complete/U0346.bmp,206,upright
https://storage.cloud.google.com/mooney_holistic_complete/,U0348.bmp,https://storage.cloud.google.com/mooney_holistic_complete/U0348.bmp,207,upright
https://storage.cloud.google.com/mooney_holistic_complete/,U0355.bmp,https://storage.cloud.google.com/mooney_holistic_complete/U0355.bmp,208,upright
https://storage.cloud.google.com/mooney_holistic_complete/,U0356.bmp,https://storage.cloud.google.com/mooney_holistic_complete/U0356.bmp,209,upright
https://storage.cloud.google.com/mooney_holistic_complete/,U0357.bmp,https://storage.cloud.google.com/mooney_holistic_complete/U0357.bmp,210,upright
https://storage.cloud.google.com/mooney_holistic_complete/,U0359.bmp,https://storage.cloud.google.com/mooney_holistic_complete/U0359.bmp,211,upright
https://storage.cloud.google.com/mooney_holistic_complete/,U0361.bmp,https://storage.cloud.google.com/mooney_holistic_complete/U0361.bmp,212,upright
https://storage.cloud.google.com/mooney_holistic_complete/,U0362.bmp,https://storage.cloud.google.com/mooney_holistic_complete/U0362.bmp,213,upright
https://storage.cloud.google.com/mooney_holistic_complete/,U0363.bmp,https://storage.cloud.google.com/mooney_holistic_complete/U0363.bmp,214,upright
https://storage.cloud.google.com/mooney_holistic_complete/,U0366.bmp,https://storage.cloud.google.com/mooney_holistic_complete/U0366.bmp,215,upright
https://storage.cloud.google.com/mooney_holistic_complete/,U0367.bmp,https://storage.cloud.google.com/mooney_holistic_complete/U0367.bmp,216,upright
https://storage.cloud.google.com/mooney_holistic_complete/,U0368.bmp,https://storage.cloud.google.com/mooney_holistic_complete/U0368.bmp,217,upright
https://storage.cloud.google.com/mooney_holistic_complete/,U0369.bmp,https://storage.cloud.google.com/mooney_holistic_complete/U0369.bmp,218,upright
https://storage.cloud.google.com/mooney_holistic_complete/,U0370.bmp,https://storage.cloud.google.com/mooney_holistic_complete/U0370.bmp,219,upright
https://storage.cloud.google.com/mooney_holistic_complete/,U0373.bmp,https://storage.cloud.google.com/mooney_holistic_complete/U0373.bmp,220,upright
https://storage.cloud.google.com/mooney_holistic_complete/,U0374.bmp,https://storage.cloud.google.com/mooney_holistic_complete/U0374.bmp,221,upright
https://storage.cloud.google.com/mooney_holistic_complete/,U0375.bmp,https://storage.cloud.google.com/mooney_holistic_complete/U0375.bmp,222,upright
https://storage.cloud.google.com/mooney_holistic_complete/,U0377.bmp,https://storage.cloud.google.com/mooney_holistic_complete/U0377.bmp,223,upright
https://storage.cloud.google.com/mooney_holistic_complete/,U0381.bmp,https://storage.cloud.google.com/mooney_holistic_complete/U0381.bmp,224,upright
https://storage.cloud.google.com/mooney_holistic_complete/,U0382.bmp,https://storage.cloud.google.com/mooney_holistic_complete/U0382.bmp,225,upright
https://storage.cloud.google.com/mooney_holistic_complete/,U0384.bmp,https://storage.cloud.google.com/mooney_holistic_complete/U0384.bmp,226,upright
https://storage.cloud.google.com/mooney_holistic_complete/,U0385.bmp,https://storage.cloud.google.com/mooney_holistic_complete/U0385.bmp,227,upright
https://storage.cloud.google.com/mooney_holistic_complete/,U0387.bmp,https://storage.cloud.google.com/mooney_holistic_complete/U0387.bmp,228,upright
https://storage.cloud.google.com/mooney_holistic_complete/,U0393.bmp,https://storage.cloud.google.com/mooney_holistic_complete/U0393.bmp,229,upright
https://storage.cloud.google.com/mooney_holistic_complete/,U0395.bmp,https://storage.cloud.google.com/mooney_holistic_complete/U0395.bmp,230,upright
https://storage.cloud.google.com/mooney_holistic_complete/,U0396.bmp,https://storage.cloud.google.com/mooney_holistic_complete/U0396.bmp,231,upright
https://storage.cloud.google.com/mooney_holistic_complete/,U0397.bmp,https://storage.cloud.google.com/mooney_holistic_complete/U0397.bmp,232,upright
https://storage.cloud.google.com/mooney_holistic_complete/,U0398.bmp,https://storage.cloud.google.com/mooney_holistic_complete/U0398.bmp,233,upright
https://storage.cloud.google.com/mooney_holistic_complete/,U0399.bmp,https://storage.cloud.google.com/mooney_holistic_complete/U0399.bmp,234,upright
https://storage.cloud.google.com/mooney_holistic_complete/,U0400.bmp,https://storage.cloud.google.com/mooney_holistic_complete/U0400.bmp,235,upright
https://storage.cloud.google.com/mooney_holistic_complete/,U0401.bmp,https://storage.cloud.google.com/mooney_holistic_complete/U0401.bmp,236,upright
https://storage.cloud.google.com/mooney_holistic_complete/,U0402.bmp,https://storage.cloud.google.com/mooney_holistic_complete/U0402.bmp,237,upright
https://storage.cloud.google.com/mooney_holistic_complete/,U0403.bmp,https://storage.cloud.google.com/mooney_holistic_complete/U0403.bmp,238,upright
https://storage.cloud.google.com/mooney_holistic_complete/,U0406.bmp,https://storage.cloud.google.com/mooney_holistic_complete/U0406.bmp,239,upright
https://storage.cloud.google.com/mooney_holistic_complete/,U0408.bmp,https://storage.cloud.google.com/mooney_holistic_complete/U0408.bmp,240,upright
https://storage.cloud.google.com/mooney_holistic_complete/,U0411.bmp,https://storage.cloud.google.com/mooney_holistic_complete/U0411.bmp,241,upright
https://storage.cloud.google.com/mooney_holistic_complete/,U0412.bmp,https://storage.cloud.google.com/mooney_holistic_complete/U0412.bmp,242,upright
https://storage.cloud.google.com/mooney_holistic_complete/,U0415.bmp,https://storage.cloud.google.com/mooney_holistic_complete/U0415.bmp,243,upright
https://storage.cloud.google.com/mooney_holistic_complete/,U0416.bmp,https://storage.cloud.google.com/mooney_holistic_complete/U0416.bmp,244,upright
https://storage.cloud.google.com/mooney_holistic_complete/,U0417.bmp,https://storage.cloud.google.com/mooney_holistic_complete/U0417.bmp,245,upright
https://storage.cloud.google.com/mooney_holistic_complete/,U0419.bmp,https://storage.cloud.google.com/mooney_holistic_complete/U0419.bmp,246,upright
https://storage.cloud.google.com/mooney_holistic_complete/,U0424.bmp,https://storage.cloud.google.com/mooney_holistic_complete/U0424.bmp,247,upright
https://storage.cloud.google.com/mooney_holistic_complete/,U0427.bmp,https://storage.cloud.google.com/mooney_holistic_complete/U0427.bmp,248,upright
https://storage.cloud.google.com/mooney_holistic_complete/,U0432.bmp,https://storage.cloud.google.com/mooney_holistic_complete/U0432.bmp,249,upright
https://storage.cloud.google.com/mooney_holistic_complete/,U0434.bmp,https://storage.cloud.google.com/mooney_holistic_complete/U0434.bmp,250,upright
https://storage.cloud.google.com/mooney_holistic_complete/,U0435.bmp,https://storage.cloud.google.com/mooney_holistic_complete/U0435.bmp,251,upright
https://storage.cloud.google.com/mooney_holistic_complete/,U0436.bmp,https://storage.cloud.google.com/mooney_holistic_complete/U0436.bmp,252,upright
https://storage.cloud.google.com/mooney_holistic_complete/,U0441.bmp,https://storage.cloud.google.com/mooney_holistic_complete/U0441.bmp,253,upright
https://storage.cloud.google.com/mooney_holistic_complete/,U0443.bmp,https://storage.cloud.google.com/mooney_holistic_complete/U0443.bmp,254,upright
https://storage.cloud.google.com/mooney_holistic_complete/,U0445.bmp,https://storage.cloud.google.com/mooney_holistic_complete/U0445.bmp,255,upright
https://storage.cloud.google.com/mooney_holistic_complete/,U0448.bmp,https://storage.cloud.google.com/mooney_holistic_complete/U0448.bmp,256,upright
https://storage.cloud.google.com/mooney_holistic_complete/,U0451.bmp,https://storage.cloud.google.com/mooney_holistic_complete/U0451.bmp,257,upright
https://storage.cloud.google.com/mooney_holistic_complete/,U0452.bmp,https://storage.cloud.google.com/mooney_holistic_complete/U0452.bmp,258,upright
https://storage.cloud.google.com/mooney_holistic_complete/,U0457.bmp,https://storage.cloud.google.com/mooney_holistic_complete/U0457.bmp,259,upright
https://storage.cloud.google.com/mooney_holistic_complete/,U0459.bmp,https://storage.cloud.google.com/mooney_holistic_complete/U0459.bmp,260,upright
https://storage.cloud.google.com/mooney_holistic_complete/,U0461.bmp,https://storage.cloud.google.com/mooney_holistic_complete/U0461.bmp,261,upright
https://storage.cloud.google.com/mooney_holistic_complete/,U0462.bmp,https://storage.cloud.google.com/mooney_holistic_complete/U0462.bmp,262,upright
https://storage.cloud.google.com/mooney_holistic_complete/,U0464.bmp,https://storage.cloud.google.com/mooney_holistic_complete/U0464.bmp,263,upright
https://storage.cloud.google.com/mooney_holistic_complete/,U0470.bmp,https://storage.cloud.google.com/mooney_holistic_complete/U0470.bmp,264,upright
https://storage.cloud.google.com/mooney_holistic_complete/,U0480.bmp,https://storage.cloud.google.com/mooney_holistic_complete/U0480.bmp,265,upright
https://storage.cloud.google.com/mooney_holistic_complete/,U0488.bmp,https://storage.cloud.google.com/mooney_holistic_complete/U0488.bmp,266,upright
https://storage.cloud.google.com/mooney_holistic_complete/,U0493.bmp,https://storage.cloud.google.com/mooney_holistic_complete/U0493.bmp,267,upright
https://storage.cloud.google.com/mooney_holistic_complete/,U0495.bmp,https://storage.cloud.google.com/mooney_holistic_complete/U0495.bmp,268,upright
https://storage.cloud.google.com/mooney_holistic_complete/,U0497.bmp,https://storage.cloud.google.com/mooney_holistic_complete/U0497.bmp,269,upright
https://storage.cloud.google.com/mooney_holistic_complete/,U0499.bmp,https://storage.cloud.google.com/mooney_holistic_complete/U0499.bmp,270,upright
https://storage.cloud.google.com/mooney_holistic_complete/,U0501.bmp,https://storage.cloud.google.com/mooney_holistic_complete/U0501.bmp,271,upright
https://storage.cloud.google.com/mooney_holistic_complete/,U0502.bmp,https://storage.cloud.google.com/mooney_holistic_complete/U0502.bmp,272,upright
https://storage.cloud.google.com/mooney_holistic_complete/,U0503.bmp,https://storage.cloud.google.com/mooney_holistic_complete/U0503.bmp,273,upright
https://storage.cloud.google.com/mooney_holistic_complete/,U0504.bmp,https://storage.cloud.google.com/mooney_holistic_complete/U0504.bmp,274,upright
https://storage.cloud.google.com/mooney_holistic_complete/,I0001.bmp,https://storage.cloud.google.com/mooney_holistic_complete/I0001.bmp,275,inverted
https://storage.cloud.google.com/mooney_holistic_complete/,I0003.bmp,https://storage.cloud.google.com/mooney_holistic_complete/I0003.bmp,276,inverted
https://storage.cloud.google.com/mooney_holistic_complete/,I0005.bmp,https://storage.cloud.google.com/mooney_holistic_complete/I0005.bmp,277,inverted
https://storage.cloud.google.com/mooney_holistic_complete/,I0006.bmp,https://storage.cloud.google.com/mooney_holistic_complete/I0006.bmp,278,inverted
https://storage.cloud.google.com/mooney_holistic_complete/,I0009.bmp,https://storage.cloud.google.com/mooney_holistic_complete/I0009.bmp,279,inverted
https://storage.cloud.google.com/mooney_holistic_complete/,I0010.bmp,https://storage.cloud.google.com/mooney_holistic_complete/I0010.bmp,280,inverted
https://storage.cloud.google.com/mooney_holistic_complete/,I0011.bmp,https://storage.cloud.google.com/mooney_holistic_complete/I0011.bmp,281,inverted
https://storage.cloud.google.com/mooney_holistic_complete/,I0012.bmp,https://storage.cloud.google.com/mooney_holistic_complete/I0012.bmp,282,inverted
https://storage.cloud.google.com/mooney_holistic_complete/,I0014.bmp,https://storage.cloud.google.com/mooney_holistic_complete/I0014.bmp,283,inverted
https://storage.cloud.google.com/mooney_holistic_complete/,I0015.bmp,https://storage.cloud.google.com/mooney_holistic_complete/I0015.bmp,284,inverted
https://storage.cloud.google.com/mooney_holistic_complete/,I0017.bmp,https://storage.cloud.google.com/mooney_holistic_complete/I0017.bmp,285,inverted
https://storage.cloud.google.com/mooney_holistic_complete/,I0018.bmp,https://storage.cloud.google.com/mooney_holistic_complete/I0018.bmp,286,inverted
https://storage.cloud.google.com/mooney_holistic_complete/,I0019.bmp,https://storage.cloud.google.com/mooney_holistic_complete/I0019.bmp,287,inverted
https://storage.cloud.google.com/mooney_holistic_complete/,I0020.bmp,https://storage.cloud.google.com/mooney_holistic_complete/I0020.bmp,288,inverted
https://storage.cloud.google.com/mooney_holistic_complete/,I0023.bmp,https://storage.cloud.google.com/mooney_holistic_complete/I0023.bmp,289,inverted
https://storage.cloud.google.com/mooney_holistic_complete/,I0024.bmp,https://storage.cloud.google.com/mooney_holistic_complete/I0024.bmp,290,inverted
https://storage.cloud.google.com/mooney_holistic_complete/,I0025.bmp,https://storage.cloud.google.com/mooney_holistic_complete/I0025.bmp,291,inverted
https://storage.cloud.google.com/mooney_holistic_complete/,I0026.bmp,https://storage.cloud.google.com/mooney_holistic_complete/I0026.bmp,292,inverted
https://storage.cloud.google.com/mooney_holistic_complete/,I0027.bmp,https://storage.cloud.google.com/mooney_holistic_complete/I0027.bmp,293,inverted
https://storage.cloud.google.com/mooney_holistic_complete/,I0028.bmp,https://storage.cloud.google.com/mooney_holistic_complete/I0028.bmp,294,inverted
https://storage.cloud.google.com/mooney_holistic_complete/,I0030.bmp,https://storage.cloud.google.com/mooney_holistic_complete/I0030.bmp,295,inverted
https://storage.cloud.google.com/mooney_holistic_complete/,I0031.bmp,https://storage.cloud.google.com/mooney_holistic_complete/I0031.bmp,296,inverted
https://storage.cloud.google.com/mooney_holistic_complete/,I0033.bmp,https://storage.cloud.google.com/mooney_holistic_complete/I0033.bmp,297,inverted
https://storage.cloud.google.com/mooney_holistic_complete/,I0034.bmp,https://storage.cloud.google.com/mooney_holistic_complete/I0034.bmp,298,inverted
https://storage.cloud.google.com/mooney_holistic_complete/,I0036.bmp,https://storage.cloud.google.com/mooney_holistic_complete/I0036.bmp,299,inverted
https://storage.cloud.google.com/mooney_holistic_complete/,I0037.bmp,https://storage.cloud.google.com/mooney_holistic_complete/I0037.bmp,300,inverted
https://storage.cloud.google.com/mooney_holistic_complete/,I0038.bmp,https://storage.cloud.google.com/mooney_holistic_complete/I0038.bmp,301,inverted
https://storage.cloud.google.com/mooney_holistic_complete/,I0039.bmp,https://storage.cloud.google.com/mooney_holistic_complete/I0039.bmp,302,inverted
https://storage.cloud.google.com/mooney_holistic_complete/,I0041.bmp,https://storage.cloud.google.com/mooney_holistic_complete/I0041.bmp,303,inverted
https://storage.cloud.google.com/mooney_holistic_complete/,I0042.bmp,https://storage.cloud.google.com/mooney_holistic_complete/I0042.bmp,304,inverted
https://storage.cloud.google.com/mooney_holistic_complete/,I0046.bmp,https://storage.cloud.google.com/mooney_holistic_complete/I0046.bmp,305,inverted
https://storage.cloud.google.com/mooney_holistic_complete/,I0047.bmp,https://storage.cloud.google.com/mooney_holistic_complete/I0047.bmp,306,inverted
https://storage.cloud.google.com/mooney_holistic_complete/,I0048.bmp,https://storage.cloud.google.com/mooney_holistic_complete/I0048.bmp,307,inverted
https://storage.cloud.google.com/mooney_holistic_complete/,I0049.bmp,https://storage.cloud.google.com/mooney_holistic_complete/I0049.bmp,308,inverted
https://storage.cloud.google.com/mooney_holistic_complete/,I0050.bmp,https://storage.cloud.google.com/mooney_holistic_complete/I0050.bmp,309,inverted
https://storage.cloud.google.com/mooney_holistic_complete/,I0052.bmp,https://storage.cloud.google.com/mooney_holistic_complete/I0052.bmp,310,inverted
https://storage.cloud.google.com/mooney_holistic_complete/,I0057.bmp,https://storage.cloud.google.com/mooney_holistic_complete/I0057.bmp,311,inverted
https://storage.cloud.google.com/mooney_holistic_complete/,I0058.bmp,https://storage.cloud.google.com/mooney_holistic_complete/I0058.bmp,312,inverted
https://storage.cloud.google.com/mooney_holistic_complete/,I0059.bmp,https://storage.cloud.google.com/mooney_holistic_complete/I0059.bmp,313,inverted
https://storage.cloud.google.com/mooney_holistic_complete/,I0061.bmp,https://storage.cloud.google.com/mooney_holistic_complete/I0061.bmp,314,inverted
https://storage.cloud.google.com/mooney_holistic_complete/,I0064.bmp,https://storage.cloud.google.com/mooney_holistic_complete/I0064.bmp,315,inverted
https://storage.cloud.google.com/mooney_holistic_complete/,I0068.bmp,https://storage.cloud.google.com/mooney_holistic_complete/I0068.bmp,316,inverted
https://storage.cloud.google.com/mooney_holistic_complete/,I0069.bmp,https://storage.cloud.google.com/mooney_holistic_complete/I0069.bmp,317,inverted
https://storage.cloud.google.com/mooney_holistic_complete/,I0071.bmp,https://storage.cloud.google.com/mooney_holistic_complete/I0071.bmp,318,inverted
https://storage.cloud.google.com/mooney_holistic_complete/,I0072.bmp,https://storage.cloud.google.com/mooney_holistic_complete/I0072.bmp,319,inverted
https://storage.cloud.google.com/mooney_holistic_complete/,I0073.bmp,https://storage.cloud.google.com/mooney_holistic_complete/I0073.bmp,320,inverted
https://storage.cloud.google.com/mooney_holistic_complete/,I0074.bmp,https://storage.cloud.google.com/mooney_holistic_complete/I0074.bmp,321,inverted
https://storage.cloud.google.com/mooney_holistic_complete/,I0075.bmp,https://storage.cloud.google.com/mooney_holistic_complete/I0075.bmp,322,inverted
https://storage.cloud.google.com/mooney_holistic_complete/,I0076.bmp,https://storage.cloud.google.com/mooney_holistic_complete/I0076.bmp,323,inverted
https://storage.cloud.google.com/mooney_holistic_complete/,I0078.bmp,https://storage.cloud.google.com/mooney_holistic_complete/I0078.bmp,324,inverted
https://storage.cloud.google.com/mooney_holistic_complete/,I0079.bmp,https://storage.cloud.google.com/mooney_holistic_complete/I0079.bmp,325,inverted
https://storage.cloud.google.com/mooney_holistic_complete/,I0080.bmp,https://storage.cloud.google.com/mooney_holistic_complete/I0080.bmp,326,inverted
https://storage.cloud.google.com/mooney_holistic_complete/,I0084.bmp,https://storage.cloud.google.com/mooney_holistic_complete/I0084.bmp,327,inverted
https://storage.cloud.google.com/mooney_holistic_complete/,I0086.bmp,https://storage.cloud.google.com/mooney_holistic_complete/I0086.bmp,328,inverted
https://storage.cloud.google.com/mooney_holistic_complete/,I0087.bmp,https://storage.cloud.google.com/mooney_holistic_complete/I0087.bmp,329,inverted
https://storage.cloud.google.com/mooney_holistic_complete/,I0090.bmp,https://storage.cloud.google.com/mooney_holistic_complete/I0090.bmp,330,inverted
https://storage.cloud.google.com/mooney_holistic_complete/,I0091.bmp,https://storage.cloud.google.com/mooney_holistic_complete/I0091.bmp,331,inverted
https://storage.cloud.google.com/mooney_holistic_complete/,I0093.bmp,https://storage.cloud.google.com/mooney_holistic_complete/I0093.bmp,332,inverted
https://storage.cloud.google.com/mooney_holistic_complete/,I0095.bmp,https://storage.cloud.google.com/mooney_holistic_complete/I0095.bmp,333,inverted
https://storage.cloud.google.com/mooney_holistic_complete/,I0096.bmp,https://storage.cloud.google.com/mooney_holistic_complete/I0096.bmp,334,inverted
https://storage.cloud.google.com/mooney_holistic_complete/,I0097.bmp,https://storage.cloud.google.com/mooney_holistic_complete/I0097.bmp,335,inverted
https://storage.cloud.google.com/mooney_holistic_complete/,I0101.bmp,https://storage.cloud.google.com/mooney_holistic_complete/I0101.bmp,336,inverted
https://storage.cloud.google.com/mooney_holistic_complete/,I0103.bmp,https://storage.cloud.google.com/mooney_holistic_complete/I0103.bmp,337,inverted
https://storage.cloud.google.com/mooney_holistic_complete/,I0106.bmp,https://storage.cloud.google.com/mooney_holistic_complete/I0106.bmp,338,inverted
https://storage.cloud.google.com/mooney_holistic_complete/,I0107.bmp,https://storage.cloud.google.com/mooney_holistic_complete/I0107.bmp,339,inverted
https://storage.cloud.google.com/mooney_holistic_complete/,I0108.bmp,https://storage.cloud.google.com/mooney_holistic_complete/I0108.bmp,340,inverted
https://storage.cloud.google.com/mooney_holistic_complete/,I0110.bmp,https://storage.cloud.google.com/mooney_holistic_complete/I0110.bmp,341,inverted
https://storage.cloud.google.com/mooney_holistic_complete/,I0114.bmp,https://storage.cloud.google.com/mooney_holistic_complete/I0114.bmp,342,inverted
https://storage.cloud.google.com/mooney_holistic_complete/,I0117.bmp,https://storage.cloud.google.com/mooney_holistic_complete/I0117.bmp,343,inverted
https://storage.cloud.google.com/mooney_holistic_complete/,I0120.bmp,https://storage.cloud.google.com/mooney_holistic_complete/I0120.bmp,344,inverted
https://storage.cloud.google.com/mooney_holistic_complete/,I0121.bmp,https://storage.cloud.google.com/mooney_holistic_complete/I0121.bmp,345,inverted
https://storage.cloud.google.com/mooney_holistic_complete/,I0122.bmp,https://storage.cloud.google.com/mooney_holistic_complete/I0122.bmp,346,inverted
https://storage.cloud.google.com/mooney_holistic_complete/,I0123.bmp,https://storage.cloud.google.com/mooney_holistic_complete/I0123.bmp,347,inverted
https://storage.cloud.google.com/mooney_holistic_complete/,I0124.bmp,https://storage.cloud.google.com/mooney_holistic_complete/I0124.bmp,348,inverted
https://storage.cloud.google.com/mooney_holistic_complete/,I0125.bmp,https://storage.cloud.google.com/mooney_holistic_complete/I0125.bmp,349,inverted
https://storage.cloud.google.com/mooney_holistic_complete/,I0126.bmp,https://storage.cloud.google.com/mooney_holistic_complete/I0126.bmp,350,inverted
https://storage.cloud.google.com/mooney_holistic_complete/,I0128.bmp,https://storage.cloud.google.com/mooney_holistic_complete/I0128.bmp,351,inverted
https://storage.cloud.google.com/mooney_holistic_complete/,I0129.bmp,https://storage.cloud.google.com/mooney_holistic_complete/I0129.bmp,352,inverted
https://storage.cloud.google.com/mooney_holistic_complete/,I0131.bmp,https://storage.cloud.google.com/mooney_holistic_complete/I0131.bmp,353,inverted
https://storage.cloud.google.com/mooney_holistic_complete/,I0133.bmp,https://storage.cloud.google.com/mooney_holistic_complete/I0133.bmp,354,inverted
https://storage.cloud.google.com/mooney_holistic_complete/,I0134.bmp,https://storage.cloud.google.com/mooney_holistic_complete/I0134.bmp,355,inverted
https://storage.cloud.google.com/mooney_holistic_complete/,I0136.bmp,https://storage.cloud.google.com/mooney_holistic_complete/I0136.bmp,356,inverted
https://storage.cloud.google.com/mooney_holistic_complete/,I0137.bmp,https://storage.cloud.google.com/mooney_holistic_complete/I0137.bmp,357,inverted
https://storage.cloud.google.com/mooney_holistic_complete/,I0138.bmp,https://storage.cloud.google.com/mooney_holistic_complete/I0138.bmp,358,inverted
https://storage.cloud.google.com/mooney_holistic_complete/,I0139.bmp,https://storage.cloud.google.com/mooney_holistic_complete/I0139.bmp,359,inverted
https://storage.cloud.google.com/mooney_holistic_complete/,I0140.bmp,https://storage.cloud.google.com/mooney_holistic_complete/I0140.bmp,360,inverted
https://storage.cloud.google.com/mooney_holistic_complete/,I0141.bmp,https://storage.cloud.google.com/mooney_holistic_complete/I0141.bmp,361,inverted
https://storage.cloud.google.com/mooney_holistic_complete/,I0142.bmp,https://storage.cloud.google.com/mooney_holistic_complete/I0142.bmp,362,inverted
https://storage.cloud.google.com/mooney_holistic_complete/,I0144.bmp,https://storage.cloud.google.com/mooney_holistic_complete/I0144.bmp,363,inverted
https://storage.cloud.google.com/mooney_holistic_complete/,I0145.bmp,https://storage.cloud.google.com/mooney_holistic_complete/I0145.bmp,364,inverted
https://storage.cloud.google.com/mooney_holistic_complete/,I0146.bmp,https://storage.cloud.google.com/mooney_holistic_complete/I0146.bmp,365,inverted
https://storage.cloud.google.com/mooney_holistic_complete/,I0149.bmp,https://storage.cloud.google.com/mooney_holistic_complete/I0149.bmp,366,inverted
https://storage.cloud.google.com/mooney_holistic_complete/,I0152.bmp,https://storage.cloud.google.com/mooney_holistic_complete/I0152.bmp,367,inverted
https://storage.cloud.google.com/mooney_holistic_complete/,I0153.bmp,https://storage.cloud.google.com/mooney_holistic_complete/I0153.bmp,368,inverted
https://storage.cloud.google.com/mooney_holistic_complete/,I0155.bmp,https://storage.cloud.google.com/mooney_holistic_complete/I0155.bmp,369,inverted
https://storage.cloud.google.com/mooney_holistic_complete/,I0156.bmp,https://storage.cloud.google.com/mooney_holistic_complete/I0156.bmp,370,inverted
https://storage.cloud.google.com/mooney_holistic_complete/,I0157.bmp,https://storage.cloud.google.com/mooney_holistic_complete/I0157.bmp,371,inverted
https://storage.cloud.google.com/mooney_holistic_complete/,I0158.bmp,https://storage.cloud.google.com/mooney_holistic_complete/I0158.bmp,372,inverted
https://storage.cloud.google.com/mooney_holistic_complete/,I0159.bmp,https://storage.cloud.google.com/mooney_holistic_complete/I0159.bmp,373,inverted
https://storage.cloud.google.com/mooney_holistic_complete/,I0160.bmp,https://storage.cloud.google.com/mooney_holistic_complete/I0160.bmp,374,inverted
https://storage.cloud.google.com/mooney_holistic_complete/,I0164.bmp,https://storage.cloud.google.com/mooney_holistic_complete/I0164.bmp,375,inverted
https://storage.cloud.google.com/mooney_holistic_complete/,I0165.bmp,https://storage.cloud.google.com/mooney_holistic_complete/I0165.bmp,376,inverted
https://storage.cloud.google.com/mooney_holistic_complete/,I0166.bmp,https://storage.cloud.google.com/mooney_holistic_complete/I0166.bmp,377,inverted
https://storage.cloud.google.com/mooney_holistic_complete/,I0168.bmp,https://storage.cloud.google.com/mooney_holistic_complete/I0168.bmp,378,inverted
https://storage.cloud.google.com/mooney_holistic_complete/,I0171.bmp,https://storage.cloud.google.com/mooney_holistic_complete/I0171.bmp,379,inverted
https://storage.cloud.google.com/mooney_holistic_complete/,I0173.bmp,https://storage.cloud.google.com/mooney_holistic_complete/I0173.bmp,380,inverted
https://storage.cloud.google.com/mooney_holistic_complete/,I0175.bmp,https://storage.cloud.google.com/mooney_holistic_complete/I0175.bmp,381,inverted
https://storage.cloud.google.com/mooney_holistic_complete/,I0178.bmp,https://storage.cloud.google.com/mooney_holistic_complete/I0178.bmp,382,inverted
https://storage.cloud.google.com/mooney_holistic_complete/,I0179.bmp,https://storage.cloud.google.com/mooney_holistic_complete/I0179.bmp,383,inverted
https://storage.cloud.google.com/mooney_holistic_complete/,I0181.bmp,https://storage.cloud.google.com/mooney_holistic_complete/I0181.bmp,384,inverted
https://storage.cloud.google.com/mooney_holistic_complete/,I0182.bmp,https://storage.cloud.google.com/mooney_holistic_complete/I0182.bmp,385,inverted
https://storage.cloud.google.com/mooney_holistic_complete/,I0183.bmp,https://storage.cloud.google.com/mooney_holistic_complete/I0183.bmp,386,inverted
https://storage.cloud.google.com/mooney_holistic_complete/,I0186.bmp,https://storage.cloud.google.com/mooney_holistic_complete/I0186.bmp,387,inverted
https://storage.cloud.google.com/mooney_holistic_complete/,I0187.bmp,https://storage.cloud.google.com/mooney_holistic_complete/I0187.bmp,388,inverted
https://storage.cloud.google.com/mooney_holistic_complete/,I0188.bmp,https://storage.cloud.google.com/mooney_holistic_complete/I0188.bmp,389,inverted
https://storage.cloud.google.com/mooney_holistic_complete/,I0189.bmp,https://storage.cloud.google.com/mooney_holistic_complete/I0189.bmp,390,inverted
https://storage.cloud.google.com/mooney_holistic_complete/,I0192.bmp,https://storage.cloud.google.com/mooney_holistic_complete/I0192.bmp,391,inverted
https://storage.cloud.google.com/mooney_holistic_complete/,I0193.bmp,https://storage.cloud.google.com/mooney_holistic_complete/I0193.bmp,392,inverted
https://storage.cloud.google.com/mooney_holistic_complete/,I0194.bmp,https://storage.cloud.google.com/mooney_holistic_complete/I0194.bmp,393,inverted
https://storage.cloud.google.com/mooney_holistic_complete/,I0195.bmp,https://storage.cloud.google.com/mooney_holistic_complete/I0195.bmp,394,inverted
https://storage.cloud.google.com/mooney_holistic_complete/,I0197.bmp,https://storage.cloud.google.com/mooney_holistic_complete/I0197.bmp,395,inverted
https://storage.cloud.google.com/mooney_holistic_complete/,I0198.bmp,https://storage.cloud.google.com/mooney_holistic_complete/I0198.bmp,396,inverted
https://storage.cloud.google.com/mooney_holistic_complete/,I0199.bmp,https://storage.cloud.google.com/mooney_holistic_complete/I0199.bmp,397,inverted
https://storage.cloud.google.com/mooney_holistic_complete/,I0204.bmp,https://storage.cloud.google.com/mooney_holistic_complete/I0204.bmp,398,inverted
https://storage.cloud.google.com/mooney_holistic_complete/,I0206.bmp,https://storage.cloud.google.com/mooney_holistic_complete/I0206.bmp,399,inverted
https://storage.cloud.google.com/mooney_holistic_complete/,I0207.bmp,https://storage.cloud.google.com/mooney_holistic_complete/I0207.bmp,400,inverted
https://storage.cloud.google.com/mooney_holistic_complete/,I0208.bmp,https://storage.cloud.google.com/mooney_holistic_complete/I0208.bmp,401,inverted
https://storage.cloud.google.com/mooney_holistic_complete/,I0209.bmp,https://storage.cloud.google.com/mooney_holistic_complete/I0209.bmp,402,inverted
https://storage.cloud.google.com/mooney_holistic_complete/,I0210.bmp,https://storage.cloud.google.com/mooney_holistic_complete/I0210.bmp,403,inverted
https://storage.cloud.google.com/mooney_holistic_complete/,I0211.bmp,https://storage.cloud.google.com/mooney_holistic_complete/I0211.bmp,404,inverted
https://storage.cloud.google.com/mooney_holistic_complete/,I0214.bmp,https://storage.cloud.google.com/mooney_holistic_complete/I0214.bmp,405,inverted
https://storage.cloud.google.com/mooney_holistic_complete/,I0215.bmp,https://storage.cloud.google.com/mooney_holistic_complete/I0215.bmp,406,inverted
https://storage.cloud.google.com/mooney_holistic_complete/,I0217.bmp,https://storage.cloud.google.com/mooney_holistic_complete/I0217.bmp,407,inverted
https://storage.cloud.google.com/mooney_holistic_complete/,I0219.bmp,https://storage.cloud.google.com/mooney_holistic_complete/I0219.bmp,408,inverted
https://storage.cloud.google.com/mooney_holistic_complete/,I0220.bmp,https://storage.cloud.google.com/mooney_holistic_complete/I0220.bmp,409,inverted
https://storage.cloud.google.com/mooney_holistic_complete/,I0222.bmp,https://storage.cloud.google.com/mooney_holistic_complete/I0222.bmp,410,inverted
https://storage.cloud.google.com/mooney_holistic_complete/,I0223.bmp,https://storage.cloud.google.com/mooney_holistic_complete/I0223.bmp,411,inverted
https://storage.cloud.google.com/mooney_holistic_complete/,I0225.bmp,https://storage.cloud.google.com/mooney_holistic_complete/I0225.bmp,412,inverted
https://storage.cloud.google.com/mooney_holistic_complete/,I0228.bmp,https://storage.cloud.google.com/mooney_holistic_complete/I0228.bmp,413,inverted
https://storage.cloud.google.com/mooney_holistic_complete/,I0229.bmp,https://storage.cloud.google.com/mooney_holistic_complete/I0229.bmp,414,inverted
https://storage.cloud.google.com/mooney_holistic_complete/,I0230.bmp,https://storage.cloud.google.com/mooney_holistic_complete/I0230.bmp,415,inverted
https://storage.cloud.google.com/mooney_holistic_complete/,I0231.bmp,https://storage.cloud.google.com/mooney_holistic_complete/I0231.bmp,416,inverted
https://storage.cloud.google.com/mooney_holistic_complete/,I0233.bmp,https://storage.cloud.google.com/mooney_holistic_complete/I0233.bmp,417,inverted
https://storage.cloud.google.com/mooney_holistic_complete/,I0234.bmp,https://storage.cloud.google.com/mooney_holistic_complete/I0234.bmp,418,inverted
https://storage.cloud.google.com/mooney_holistic_complete/,I0236.bmp,https://storage.cloud.google.com/mooney_holistic_complete/I0236.bmp,419,inverted
https://storage.cloud.google.com/mooney_holistic_complete/,I0239.bmp,https://storage.cloud.google.com/mooney_holistic_complete/I0239.bmp,420,inverted
https://storage.cloud.google.com/mooney_holistic_complete/,I0240.bmp,https://storage.cloud.google.com/mooney_holistic_complete/I0240.bmp,421,inverted
https://storage.cloud.google.com/mooney_holistic_complete/,I0242.bmp,https://storage.cloud.google.com/mooney_holistic_complete/I0242.bmp,422,inverted
https://storage.cloud.google.com/mooney_holistic_complete/,I0244.bmp,https://storage.cloud.google.com/mooney_holistic_complete/I0244.bmp,423,inverted
https://storage.cloud.google.com/mooney_holistic_complete/,I0245.bmp,https://storage.cloud.google.com/mooney_holistic_complete/I0245.bmp,424,inverted
https://storage.cloud.google.com/mooney_holistic_complete/,I0248.bmp,https://storage.cloud.google.com/mooney_holistic_complete/I0248.bmp,425,inverted
https://storage.cloud.google.com/mooney_holistic_complete/,I0249.bmp,https://storage.cloud.google.com/mooney_holistic_complete/I0249.bmp,426,inverted
https://storage.cloud.google.com/mooney_holistic_complete/,I0252.bmp,https://storage.cloud.google.com/mooney_holistic_complete/I0252.bmp,427,inverted
https://storage.cloud.google.com/mooney_holistic_complete/,I0254.bmp,https://storage.cloud.google.com/mooney_holistic_complete/I0254.bmp,428,inverted
https://storage.cloud.google.com/mooney_holistic_complete/,I0255.bmp,https://storage.cloud.google.com/mooney_holistic_complete/I0255.bmp,429,inverted
https://storage.cloud.google.com/mooney_holistic_complete/,I0258.bmp,https://storage.cloud.google.com/mooney_holistic_complete/I0258.bmp,430,inverted
https://storage.cloud.google.com/mooney_holistic_complete/,I0260.bmp,https://storage.cloud.google.com/mooney_holistic_complete/I0260.bmp,431,inverted
https://storage.cloud.google.com/mooney_holistic_complete/,I0262.bmp,https://storage.cloud.google.com/mooney_holistic_complete/I0262.bmp,432,inverted
https://storage.cloud.google.com/mooney_holistic_complete/,I0264.bmp,https://storage.cloud.google.com/mooney_holistic_complete/I0264.bmp,433,inverted
https://storage.cloud.google.com/mooney_holistic_complete/,I0266.bmp,https://storage.cloud.google.com/mooney_holistic_complete/I0266.bmp,434,inverted
https://storage.cloud.google.com/mooney_holistic_complete/,I0269.bmp,https://storage.cloud.google.com/mooney_holistic_complete/I0269.bmp,435,inverted
https://storage.cloud.google.com/mooney_holistic_complete/,I0272.bmp,https://storage.cloud.google.com/mooney_holistic_complete/I0272.bmp,436,inverted
https://storage.cloud.google.com/mooney_holistic_complete/,I0273.bmp,https://storage.cloud.google.com/mooney_holistic_complete/I0273.bmp,437,inverted
https://storage.cloud.google.com/mooney_holistic_complete/,I0274.bmp,https://storage.cloud.google.com/mooney_holistic_complete/I0274.bmp,438,inverted
https://storage.cloud.google.com/mooney_holistic_complete/,I0276.bmp,https://storage.cloud.google.com/mooney_holistic_complete/I0276.bmp,439,inverted
https://storage.cloud.google.com/mooney_holistic_complete/,I0277.bmp,https://storage.cloud.google.com/mooney_holistic_complete/I0277.bmp,440,inverted
https://storage.cloud.google.com/mooney_holistic_complete/,I0280.bmp,https://storage.cloud.google.com/mooney_holistic_complete/I0280.bmp,441,inverted
https://storage.cloud.google.com/mooney_holistic_complete/,I0283.bmp,https://storage.cloud.google.com/mooney_holistic_complete/I0283.bmp,442,inverted
https://storage.cloud.google.com/mooney_holistic_complete/,I0284.bmp,https://storage.cloud.google.com/mooney_holistic_complete/I0284.bmp,443,inverted
https://storage.cloud.google.com/mooney_holistic_complete/,I0286.bmp,https://storage.cloud.google.com/mooney_holistic_complete/I0286.bmp,444,inverted
https://storage.cloud.google.com/mooney_holistic_complete/,I0288.bmp,https://storage.cloud.google.com/mooney_holistic_complete/I0288.bmp,445,inverted
https://storage.cloud.google.com/mooney_holistic_complete/,I0291.bmp,https://storage.cloud.google.com/mooney_holistic_complete/I0291.bmp,446,inverted
https://storage.cloud.google.com/mooney_holistic_complete/,I0292.bmp,https://storage.cloud.google.com/mooney_holistic_complete/I0292.bmp,447,inverted
https://storage.cloud.google.com/mooney_holistic_complete/,I0293.bmp,https://storage.cloud.google.com/mooney_holistic_complete/I0293.bmp,448,inverted
https://storage.cloud.google.com/mooney_holistic_complete/,I0294.bmp,https://storage.cloud.google.com/mooney_holistic_complete/I0294.bmp,449,inverted
https://storage.cloud.google.com/mooney_holistic_complete/,I0295.bmp,https://storage.cloud.google.com/mooney_holistic_complete/I0295.bmp,450,inverted
https://storage.cloud.google.com/mooney_holistic_complete/,I0296.bmp,https://storage.cloud.google.com/mooney_holistic_complete/I0296.bmp,451,inverted
https://storage.cloud.google.com/mooney_holistic_complete/,I0297.bmp,https://storage.cloud.google.com/mooney_holistic_complete/I0297.bmp,452,inverted
https://storage.cloud.google.com/mooney_holistic_complete/,I0298.bmp,https://storage.cloud.google.com/mooney_holistic_complete/I0298.bmp,453,inverted
https://storage.cloud.google.com/mooney_holistic_complete/,I0301.bmp,https://storage.cloud.google.com/mooney_holistic_complete/I0301.bmp,454,inverted
https://storage.cloud.google.com/mooney_holistic_complete/,I0302.bmp,https://storage.cloud.google.com/mooney_holistic_complete/I0302.bmp,455,inverted
https://storage.cloud.google.com/mooney_holistic_complete/,I0304.bmp,https://storage.cloud.google.com/mooney_holistic_complete/I0304.bmp,456,inverted
https://storage.cloud.google.com/mooney_holistic_complete/,I0305.bmp,https://storage.cloud.google.com/mooney_holistic_complete/I0305.bmp,457,inverted
https://storage.cloud.google.com/mooney_holistic_complete/,I0307.bmp,https://storage.cloud.google.com/mooney_holistic_complete/I0307.bmp,458,inverted
https://storage.cloud.google.com/mooney_holistic_complete/,I0309.bmp,https://storage.cloud.google.com/mooney_holistic_complete/I0309.bmp,459,inverted
https://storage.cloud.google.com/mooney_holistic_complete/,I0312.bmp,https://storage.cloud.google.com/mooney_holistic_complete/I0312.bmp,460,inverted
https://storage.cloud.google.com/mooney_holistic_complete/,I0313.bmp,https://storage.cloud.google.com/mooney_holistic_complete/I0313.bmp,461,inverted
https://storage.cloud.google.com/mooney_holistic_complete/,I0314.bmp,https://storage.cloud.google.com/mooney_holistic_complete/I0314.bmp,462,inverted
https://storage.cloud.google.com/mooney_holistic_complete/,I0316.bmp,https://storage.cloud.google.com/mooney_holistic_complete/I0316.bmp,463,inverted
https://storage.cloud.google.com/mooney_holistic_complete/,I0317.bmp,https://storage.cloud.google.com/mooney_holistic_complete/I0317.bmp,464,inverted
https://storage.cloud.google.com/mooney_holistic_complete/,I0319.bmp,https://storage.cloud.google.com/mooney_holistic_complete/I0319.bmp,465,inverted
https://storage.cloud.google.com/mooney_holistic_complete/,I0320.bmp,https://storage.cloud.google.com/mooney_holistic_complete/I0320.bmp,466,inverted
https://storage.cloud.google.com/mooney_holistic_complete/,I0321.bmp,https://storage.cloud.google.com/mooney_holistic_complete/I0321.bmp,467,inverted
https://storage.cloud.google.com/mooney_holistic_complete/,I0325.bmp,https://storage.cloud.google.com/mooney_holistic_complete/I0325.bmp,468,inverted
https://storage.cloud.google.com/mooney_holistic_complete/,I0326.bmp,https://storage.cloud.google.com/mooney_holistic_complete/I0326.bmp,469,inverted
https://storage.cloud.google.com/mooney_holistic_complete/,I0328.bmp,https://storage.cloud.google.com/mooney_holistic_complete/I0328.bmp,470,inverted
https://storage.cloud.google.com/mooney_holistic_complete/,I0329.bmp,https://storage.cloud.google.com/mooney_holistic_complete/I0329.bmp,471,inverted
https://storage.cloud.google.com/mooney_holistic_complete/,I0330.bmp,https://storage.cloud.google.com/mooney_holistic_complete/I0330.bmp,472,inverted
https://storage.cloud.google.com/mooney_holistic_complete/,I0331.bmp,https://storage.cloud.google.com/mooney_holistic_complete/I0331.bmp,473,inverted
https://storage.cloud.google.com/mooney_holistic_complete/,I0332.bmp,https://storage.cloud.google.com/mooney_holistic_complete/I0332.bmp,474,inverted
https://storage.cloud.google.com/mooney_holistic_complete/,I0334.bmp,https://storage.cloud.google.com/mooney_holistic_complete/I0334.bmp,475,inverted
https://storage.cloud.google.com/mooney_holistic_complete/,I0335.bmp,https://storage.cloud.google.com/mooney_holistic_complete/I0335.bmp,476,inverted
https://storage.cloud.google.com/mooney_holistic_complete/,I0336.bmp,https://storage.cloud.google.com/mooney_holistic_complete/I0336.bmp,477,inverted
https://storage.cloud.google.com/mooney_holistic_complete/,I0337.bmp,https://storage.cloud.google.com/mooney_holistic_complete/I0337.bmp,478,inverted
https://storage.cloud.google.com/mooney_holistic_complete/,I0340.bmp,https://storage.cloud.google.com/mooney_holistic_complete/I0340.bmp,479,inverted
https://storage.cloud.google.com/mooney_holistic_complete/,I0346.bmp,https://storage.cloud.google.com/mooney_holistic_complete/I0346.bmp,480,inverted
https://storage.cloud.google.com/mooney_holistic_complete/,I0348.bmp,https://storage.cloud.google.com/mooney_holistic_complete/I0348.bmp,481,inverted
https://storage.cloud.google.com/mooney_holistic_complete/,I0355.bmp,https://storage.cloud.google.com/mooney_holistic_complete/I0355.bmp,482,inverted
https://storage.cloud.google.com/mooney_holistic_complete/,I0356.bmp,https://storage.cloud.google.com/mooney_holistic_complete/I0356.bmp,483,inverted
https://storage.cloud.google.com/mooney_holistic_complete/,I0357.bmp,https://storage.cloud.google.com/mooney_holistic_complete/I0357.bmp,484,inverted
https://storage.cloud.google.com/mooney_holistic_complete/,I0359.bmp,https://storage.cloud.google.com/mooney_holistic_complete/I0359.bmp,485,inverted
https://storage.cloud.google.com/mooney_holistic_complete/,I0361.bmp,https://storage.cloud.google.com/mooney_holistic_complete/I0361.bmp,486,inverted
https://storage.cloud.google.com/mooney_holistic_complete/,I0362.bmp,https://storage.cloud.google.com/mooney_holistic_complete/I0362.bmp,487,inverted
https://storage.cloud.google.com/mooney_holistic_complete/,I0363.bmp,https://storage.cloud.google.com/mooney_holistic_complete/I0363.bmp,488,inverted
https://storage.cloud.google.com/mooney_holistic_complete/,I0366.bmp,https://storage.cloud.google.com/mooney_holistic_complete/I0366.bmp,489,inverted
https://storage.cloud.google.com/mooney_holistic_complete/,I0367.bmp,https://storage.cloud.google.com/mooney_holistic_complete/I0367.bmp,490,inverted
https://storage.cloud.google.com/mooney_holistic_complete/,I0368.bmp,https://storage.cloud.google.com/mooney_holistic_complete/I0368.bmp,491,inverted
https://storage.cloud.google.com/mooney_holistic_complete/,I0369.bmp,https://storage.cloud.google.com/mooney_holistic_complete/I0369.bmp,492,inverted
https://storage.cloud.google.com/mooney_holistic_complete/,I0370.bmp,https://storage.cloud.google.com/mooney_holistic_complete/I0370.bmp,493,inverted
https://storage.cloud.google.com/mooney_holistic_complete/,I0373.bmp,https://storage.cloud.google.com/mooney_holistic_complete/I0373.bmp,494,inverted
https://storage.cloud.google.com/mooney_holistic_complete/,I0374.bmp,https://storage.cloud.google.com/mooney_holistic_complete/I0374.bmp,495,inverted
https://storage.cloud.google.com/mooney_holistic_complete/,I0375.bmp,https://storage.cloud.google.com/mooney_holistic_complete/I0375.bmp,496,inverted
https://storage.cloud.google.com/mooney_holistic_complete/,I0377.bmp,https://storage.cloud.google.com/mooney_holistic_complete/I0377.bmp,497,inverted
https://storage.cloud.google.com/mooney_holistic_complete/,I0381.bmp,https://storage.cloud.google.com/mooney_holistic_complete/I0381.bmp,498,inverted
https://storage.cloud.google.com/mooney_holistic_complete/,I0382.bmp,https://storage.cloud.google.com/mooney_holistic_complete/I0382.bmp,499,inverted
https://storage.cloud.google.com/mooney_holistic_complete/,I0384.bmp,https://storage.cloud.google.com/mooney_holistic_complete/I0384.bmp,500,inverted
https://storage.cloud.google.com/mooney_holistic_complete/,I0385.bmp,https://storage.cloud.google.com/mooney_holistic_complete/I0385.bmp,501,inverted
https://storage.cloud.google.com/mooney_holistic_complete/,I0387.bmp,https://storage.cloud.google.com/mooney_holistic_complete/I0387.bmp,502,inverted
https://storage.cloud.google.com/mooney_holistic_complete/,I0393.bmp,https://storage.cloud.google.com/mooney_holistic_complete/I0393.bmp,503,inverted
https://storage.cloud.google.com/mooney_holistic_complete/,I0395.bmp,https://storage.cloud.google.com/mooney_holistic_complete/I0395.bmp,504,inverted
https://storage.cloud.google.com/mooney_holistic_complete/,I0396.bmp,https://storage.cloud.google.com/mooney_holistic_complete/I0396.bmp,505,inverted
https://storage.cloud.google.com/mooney_holistic_complete/,I0397.bmp,https://storage.cloud.google.com/mooney_holistic_complete/I0397.bmp,506,inverted
https://storage.cloud.google.com/mooney_holistic_complete/,I0398.bmp,https://storage.cloud.google.com/mooney_holistic_complete/I0398.bmp,507,inverted
https://storage.cloud.google.com/mooney_holistic_complete/,I0399.bmp,https://storage.cloud.google.com/mooney_holistic_complete/I0399.bmp,508,inverted
https://storage.cloud.google.com/mooney_holistic_complete/,I0400.bmp,https://storage.cloud.google.com/mooney_holistic_complete/I0400.bmp,509,inverted
https://storage.cloud.google.com/mooney_holistic_complete/,I0401.bmp,https://storage.cloud.google.com/mooney_holistic_complete/I0401.bmp,510,inverted
https://storage.cloud.google.com/mooney_holistic_complete/,I0402.bmp,https://storage.cloud.google.com/mooney_holistic_complete/I0402.bmp,511,inverted
https://storage.cloud.google.com/mooney_holistic_complete/,I0403.bmp,https://storage.cloud.google.com/mooney_holistic_complete/I0403.bmp,512,inverted
https://storage.cloud.google.com/mooney_holistic_complete/,I0406.bmp,https://storage.cloud.google.com/mooney_holistic_complete/I0406.bmp,513,inverted
https://storage.cloud.google.com/mooney_holistic_complete/,I0408.bmp,https://storage.cloud.google.com/mooney_holistic_complete/I0408.bmp,514,inverted
https://storage.cloud.google.com/mooney_holistic_complete/,I0411.bmp,https://storage.cloud.google.com/mooney_holistic_complete/I0411.bmp,515,inverted
https://storage.cloud.google.com/mooney_holistic_complete/,I0412.bmp,https://storage.cloud.google.com/mooney_holistic_complete/I0412.bmp,516,inverted
https://storage.cloud.google.com/mooney_holistic_complete/,I0415.bmp,https://storage.cloud.google.com/mooney_holistic_complete/I0415.bmp,517,inverted
https://storage.cloud.google.com/mooney_holistic_complete/,I0416.bmp,https://storage.cloud.google.com/mooney_holistic_complete/I0416.bmp,518,inverted
https://storage.cloud.google.com/mooney_holistic_complete/,I0417.bmp,https://storage.cloud.google.com/mooney_holistic_complete/I0417.bmp,519,inverted
https://storage.cloud.google.com/mooney_holistic_complete/,I0419.bmp,https://storage.cloud.google.com/mooney_holistic_complete/I0419.bmp,520,inverted
https://storage.cloud.google.com/mooney_holistic_complete/,I0424.bmp,https://storage.cloud.google.com/mooney_holistic_complete/I0424.bmp,521,inverted
https://storage.cloud.google.com/mooney_holistic_complete/,I0427.bmp,https://storage.cloud.google.com/mooney_holistic_complete/I0427.bmp,522,inverted
https://storage.cloud.google.com/mooney_holistic_complete/,I0432.bmp,https://storage.cloud.google.com/mooney_holistic_complete/I0432.bmp,523,inverted
https://storage.cloud.google.com/mooney_holistic_complete/,I0434.bmp,https://storage.cloud.google.com/mooney_holistic_complete/I0434.bmp,524,inverted
https://storage.cloud.google.com/mooney_holistic_complete/,I0435.bmp,https://storage.cloud.google.com/mooney_holistic_complete/I0435.bmp,525,inverted
https://storage.cloud.google.com/mooney_holistic_complete/,I0436.bmp,https://storage.cloud.google.com/mooney_holistic_complete/I0436.bmp,526,inverted
https://storage.cloud.google.com/mooney_holistic_complete/,I0441.bmp,https://storage.cloud.google.com/mooney_holistic_complete/I0441.bmp,527,inverted
https://storage.cloud.google.com/mooney_holistic_complete/,I0443.bmp,https://storage.cloud.google.com/mooney_holistic_complete/I0443.bmp,528,inverted
https://storage.cloud.google.com/mooney_holistic_complete/,I0445.bmp,https://storage.cloud.google.com/mooney_holistic_complete/I0445.bmp,529,inverted
https://storage.cloud.google.com/mooney_holistic_complete/,I0448.bmp,https://storage.cloud.google.com/mooney_holistic_complete/I0448.bmp,530,inverted
https://storage.cloud.google.com/mooney_holistic_complete/,I0451.bmp,https://storage.cloud.google.com/mooney_holistic_complete/I0451.bmp,531,inverted
https://storage.cloud.google.com/mooney_holistic_complete/,I0452.bmp,https://storage.cloud.google.com/mooney_holistic_complete/I0452.bmp,532,inverted
https://storage.cloud.google.com/mooney_holistic_complete/,I0457.bmp,https://storage.cloud.google.com/mooney_holistic_complete/I0457.bmp,533,inverted
https://storage.cloud.google.com/mooney_holistic_complete/,I0459.bmp,https://storage.cloud.google.com/mooney_holistic_complete/I0459.bmp,534,inverted
https://storage.cloud.google.com/mooney_holistic_complete/,I0461.bmp,https://storage.cloud.google.com/mooney_holistic_complete/I0461.bmp,535,inverted
https://storage.cloud.google.com/mooney_holistic_complete/,I0462.bmp,https://storage.cloud.google.com/mooney_holistic_complete/I0462.bmp,536,inverted
https://storage.cloud.google.com/mooney_holistic_complete/,I0464.bmp,https://storage.cloud.google.com/mooney_holistic_complete/I0464.bmp,537,inverted
https://storage.cloud.google.com/mooney_holistic_complete/,I0470.bmp,https://storage.cloud.google.com/mooney_holistic_complete/I0470.bmp,538,inverted
https://storage.cloud.google.com/mooney_holistic_complete/,I0480.bmp,https://storage.cloud.google.com/mooney_holistic_complete/I0480.bmp,539,inverted
https://storage.cloud.google.com/mooney_holistic_complete/,I0488.bmp,https://storage.cloud.google.com/mooney_holistic_complete/I0488.bmp,540,inverted
https://storage.cloud.google.com/mooney_holistic_complete/,I0493.bmp,https://storage.cloud.google.com/mooney_holistic_complete/I0493.bmp,541,inverted
https://storage.cloud.google.com/mooney_holistic_complete/,I0495.bmp,https://storage.cloud.google.com/mooney_holistic_complete/I0495.bmp,542,inverted
https://storage.cloud.google.com/mooney_holistic_complete/,I0497.bmp,https://storage.cloud.google.com/mooney_holistic_complete/I0497.bmp,543,inverted
https://storage.cloud.google.com/mooney_holistic_complete/,I0499.bmp,https://storage.cloud.google.com/mooney_holistic_complete/I0499.bmp,544,inverted
https://storage.cloud.google.com/mooney_holistic_complete/,I0501.bmp,https://storage.cloud.google.com/mooney_holistic_complete/I0501.bmp,545,inverted
https://storage.cloud.google.com/mooney_holistic_complete/,I0502.bmp,https://storage.cloud.google.com/mooney_holistic_complete/I0502.bmp,546,inverted
https://storage.cloud.google.com/mooney_holistic_complete/,I0503.bmp,https://storage.cloud.google.com/mooney_holistic_complete/I0503.bmp,547,inverted
https://storage.cloud.google.com/mooney_holistic_complete/,I0504.bmp,https://storage.cloud.google.com/mooney_holistic_complete/I0504.bmp,548,inverted
https://storage.cloud.google.com/mooney_holistic_complete/,Obama.jpg,https://storage.cloud.google.com/mooney_holistic_complete/Obama.jpg,549,trap
https://storage.cloud.google.com/mooney_holistic_complete/,juliaroberts.jpg,https://storage.cloud.google.com/mooney_holistic_complete/juliaroberts.jpg,550,trap
https://storage.cloud.google.com/mooney_holistic_complete/,arnold.jpg,https://storage.cloud.google.com/mooney_holistic_complete/arnold.jpg,551,trap
https://storage.cloud.google.com/mooney_holistic_complete/,angelina.jpg,https://storage.cloud.google.com/mooney_holistic_complete/angelina.jpg,552,trap