PATH,ORIGINAL,PATH_QUALTRICS,,NUMBER_QUALTRICS,IS_TRAP
https://storage.cloud.google.com/gender_mooneys/,U0001.bmp,https://storage.cloud.google.com/gender_mooneys/U0001.bmp,,1,no
https://storage.cloud.google.com/gender_mooneys/,U0003.bmp,https://storage.cloud.google.com/gender_mooneys/U0003.bmp,,2,no
https://storage.cloud.google.com/gender_mooneys/,U0005.bmp,https://storage.cloud.google.com/gender_mooneys/U0005.bmp,,3,no
https://storage.cloud.google.com/gender_mooneys/,U0006.bmp,https://storage.cloud.google.com/gender_mooneys/U0006.bmp,,4,no
https://storage.cloud.google.com/gender_mooneys/,U0009.bmp,https://storage.cloud.google.com/gender_mooneys/U0009.bmp,,5,no
https://storage.cloud.google.com/gender_mooneys/,U0010.bmp,https://storage.cloud.google.com/gender_mooneys/U0010.bmp,,6,no
https://storage.cloud.google.com/gender_mooneys/,U0011.bmp,https://storage.cloud.google.com/gender_mooneys/U0011.bmp,,7,no
https://storage.cloud.google.com/gender_mooneys/,U0012.bmp,https://storage.cloud.google.com/gender_mooneys/U0012.bmp,,8,no
https://storage.cloud.google.com/gender_mooneys/,U0014.bmp,https://storage.cloud.google.com/gender_mooneys/U0014.bmp,,9,no
https://storage.cloud.google.com/gender_mooneys/,U0015.bmp,https://storage.cloud.google.com/gender_mooneys/U0015.bmp,,10,no
https://storage.cloud.google.com/gender_mooneys/,U0017.bmp,https://storage.cloud.google.com/gender_mooneys/U0017.bmp,,11,no
https://storage.cloud.google.com/gender_mooneys/,U0018.bmp,https://storage.cloud.google.com/gender_mooneys/U0018.bmp,,12,no
https://storage.cloud.google.com/gender_mooneys/,U0019.bmp,https://storage.cloud.google.com/gender_mooneys/U0019.bmp,,13,no
https://storage.cloud.google.com/gender_mooneys/,U0020.bmp,https://storage.cloud.google.com/gender_mooneys/U0020.bmp,,14,no
https://storage.cloud.google.com/gender_mooneys/,U0023.bmp,https://storage.cloud.google.com/gender_mooneys/U0023.bmp,,15,no
https://storage.cloud.google.com/gender_mooneys/,U0024.bmp,https://storage.cloud.google.com/gender_mooneys/U0024.bmp,,16,no
https://storage.cloud.google.com/gender_mooneys/,U0025.bmp,https://storage.cloud.google.com/gender_mooneys/U0025.bmp,,17,no
https://storage.cloud.google.com/gender_mooneys/,U0026.bmp,https://storage.cloud.google.com/gender_mooneys/U0026.bmp,,18,no
https://storage.cloud.google.com/gender_mooneys/,U0027.bmp,https://storage.cloud.google.com/gender_mooneys/U0027.bmp,,19,no
https://storage.cloud.google.com/gender_mooneys/,U0028.bmp,https://storage.cloud.google.com/gender_mooneys/U0028.bmp,,20,no
https://storage.cloud.google.com/gender_mooneys/,U0030.bmp,https://storage.cloud.google.com/gender_mooneys/U0030.bmp,,21,no
https://storage.cloud.google.com/gender_mooneys/,U0031.bmp,https://storage.cloud.google.com/gender_mooneys/U0031.bmp,,22,no
https://storage.cloud.google.com/gender_mooneys/,U0033.bmp,https://storage.cloud.google.com/gender_mooneys/U0033.bmp,,23,no
https://storage.cloud.google.com/gender_mooneys/,U0034.bmp,https://storage.cloud.google.com/gender_mooneys/U0034.bmp,,24,no
https://storage.cloud.google.com/gender_mooneys/,U0036.bmp,https://storage.cloud.google.com/gender_mooneys/U0036.bmp,,25,no
https://storage.cloud.google.com/gender_mooneys/,U0037.bmp,https://storage.cloud.google.com/gender_mooneys/U0037.bmp,,26,no
https://storage.cloud.google.com/gender_mooneys/,U0038.bmp,https://storage.cloud.google.com/gender_mooneys/U0038.bmp,,27,no
https://storage.cloud.google.com/gender_mooneys/,U0039.bmp,https://storage.cloud.google.com/gender_mooneys/U0039.bmp,,28,no
https://storage.cloud.google.com/gender_mooneys/,U0041.bmp,https://storage.cloud.google.com/gender_mooneys/U0041.bmp,,29,no
https://storage.cloud.google.com/gender_mooneys/,U0042.bmp,https://storage.cloud.google.com/gender_mooneys/U0042.bmp,,30,no
https://storage.cloud.google.com/gender_mooneys/,U0046.bmp,https://storage.cloud.google.com/gender_mooneys/U0046.bmp,,31,no
https://storage.cloud.google.com/gender_mooneys/,U0047.bmp,https://storage.cloud.google.com/gender_mooneys/U0047.bmp,,32,no
https://storage.cloud.google.com/gender_mooneys/,U0048.bmp,https://storage.cloud.google.com/gender_mooneys/U0048.bmp,,33,no
https://storage.cloud.google.com/gender_mooneys/,U0049.bmp,https://storage.cloud.google.com/gender_mooneys/U0049.bmp,,34,no
https://storage.cloud.google.com/gender_mooneys/,U0050.bmp,https://storage.cloud.google.com/gender_mooneys/U0050.bmp,,35,no
https://storage.cloud.google.com/gender_mooneys/,U0052.bmp,https://storage.cloud.google.com/gender_mooneys/U0052.bmp,,36,no
https://storage.cloud.google.com/gender_mooneys/,U0057.bmp,https://storage.cloud.google.com/gender_mooneys/U0057.bmp,,37,no
https://storage.cloud.google.com/gender_mooneys/,U0058.bmp,https://storage.cloud.google.com/gender_mooneys/U0058.bmp,,38,no
https://storage.cloud.google.com/gender_mooneys/,U0059.bmp,https://storage.cloud.google.com/gender_mooneys/U0059.bmp,,39,no
https://storage.cloud.google.com/gender_mooneys/,U0061.bmp,https://storage.cloud.google.com/gender_mooneys/U0061.bmp,,40,no
https://storage.cloud.google.com/gender_mooneys/,U0064.bmp,https://storage.cloud.google.com/gender_mooneys/U0064.bmp,,41,no
https://storage.cloud.google.com/gender_mooneys/,U0068.bmp,https://storage.cloud.google.com/gender_mooneys/U0068.bmp,,42,no
https://storage.cloud.google.com/gender_mooneys/,U0069.bmp,https://storage.cloud.google.com/gender_mooneys/U0069.bmp,,43,no
https://storage.cloud.google.com/gender_mooneys/,U0071.bmp,https://storage.cloud.google.com/gender_mooneys/U0071.bmp,,44,no
https://storage.cloud.google.com/gender_mooneys/,U0072.bmp,https://storage.cloud.google.com/gender_mooneys/U0072.bmp,,45,no
https://storage.cloud.google.com/gender_mooneys/,U0073.bmp,https://storage.cloud.google.com/gender_mooneys/U0073.bmp,,46,no
https://storage.cloud.google.com/gender_mooneys/,U0074.bmp,https://storage.cloud.google.com/gender_mooneys/U0074.bmp,,47,no
https://storage.cloud.google.com/gender_mooneys/,U0075.bmp,https://storage.cloud.google.com/gender_mooneys/U0075.bmp,,48,no
https://storage.cloud.google.com/gender_mooneys/,U0076.bmp,https://storage.cloud.google.com/gender_mooneys/U0076.bmp,,49,no
https://storage.cloud.google.com/gender_mooneys/,U0078.bmp,https://storage.cloud.google.com/gender_mooneys/U0078.bmp,,50,no
https://storage.cloud.google.com/gender_mooneys/,U0079.bmp,https://storage.cloud.google.com/gender_mooneys/U0079.bmp,,51,no
https://storage.cloud.google.com/gender_mooneys/,U0080.bmp,https://storage.cloud.google.com/gender_mooneys/U0080.bmp,,52,no
https://storage.cloud.google.com/gender_mooneys/,U0084.bmp,https://storage.cloud.google.com/gender_mooneys/U0084.bmp,,53,no
https://storage.cloud.google.com/gender_mooneys/,U0086.bmp,https://storage.cloud.google.com/gender_mooneys/U0086.bmp,,54,no
https://storage.cloud.google.com/gender_mooneys/,U0087.bmp,https://storage.cloud.google.com/gender_mooneys/U0087.bmp,,55,no
https://storage.cloud.google.com/gender_mooneys/,U0090.bmp,https://storage.cloud.google.com/gender_mooneys/U0090.bmp,,56,no
https://storage.cloud.google.com/gender_mooneys/,U0091.bmp,https://storage.cloud.google.com/gender_mooneys/U0091.bmp,,57,no
https://storage.cloud.google.com/gender_mooneys/,U0093.bmp,https://storage.cloud.google.com/gender_mooneys/U0093.bmp,,58,no
https://storage.cloud.google.com/gender_mooneys/,U0095.bmp,https://storage.cloud.google.com/gender_mooneys/U0095.bmp,,59,no
https://storage.cloud.google.com/gender_mooneys/,U0096.bmp,https://storage.cloud.google.com/gender_mooneys/U0096.bmp,,60,no
https://storage.cloud.google.com/gender_mooneys/,U0097.bmp,https://storage.cloud.google.com/gender_mooneys/U0097.bmp,,61,no
https://storage.cloud.google.com/gender_mooneys/,U0101.bmp,https://storage.cloud.google.com/gender_mooneys/U0101.bmp,,62,no
https://storage.cloud.google.com/gender_mooneys/,U0103.bmp,https://storage.cloud.google.com/gender_mooneys/U0103.bmp,,63,no
https://storage.cloud.google.com/gender_mooneys/,U0106.bmp,https://storage.cloud.google.com/gender_mooneys/U0106.bmp,,64,no
https://storage.cloud.google.com/gender_mooneys/,U0107.bmp,https://storage.cloud.google.com/gender_mooneys/U0107.bmp,,65,no
https://storage.cloud.google.com/gender_mooneys/,U0108.bmp,https://storage.cloud.google.com/gender_mooneys/U0108.bmp,,66,no
https://storage.cloud.google.com/gender_mooneys/,U0110.bmp,https://storage.cloud.google.com/gender_mooneys/U0110.bmp,,67,no
https://storage.cloud.google.com/gender_mooneys/,U0114.bmp,https://storage.cloud.google.com/gender_mooneys/U0114.bmp,,68,no
https://storage.cloud.google.com/gender_mooneys/,U0117.bmp,https://storage.cloud.google.com/gender_mooneys/U0117.bmp,,69,no
https://storage.cloud.google.com/gender_mooneys/,U0120.bmp,https://storage.cloud.google.com/gender_mooneys/U0120.bmp,,70,no
https://storage.cloud.google.com/gender_mooneys/,U0121.bmp,https://storage.cloud.google.com/gender_mooneys/U0121.bmp,,71,no
https://storage.cloud.google.com/gender_mooneys/,U0122.bmp,https://storage.cloud.google.com/gender_mooneys/U0122.bmp,,72,no
https://storage.cloud.google.com/gender_mooneys/,U0123.bmp,https://storage.cloud.google.com/gender_mooneys/U0123.bmp,,73,no
https://storage.cloud.google.com/gender_mooneys/,U0124.bmp,https://storage.cloud.google.com/gender_mooneys/U0124.bmp,,74,no
https://storage.cloud.google.com/gender_mooneys/,U0125.bmp,https://storage.cloud.google.com/gender_mooneys/U0125.bmp,,75,no
https://storage.cloud.google.com/gender_mooneys/,U0126.bmp,https://storage.cloud.google.com/gender_mooneys/U0126.bmp,,76,no
https://storage.cloud.google.com/gender_mooneys/,U0128.bmp,https://storage.cloud.google.com/gender_mooneys/U0128.bmp,,77,no
https://storage.cloud.google.com/gender_mooneys/,U0129.bmp,https://storage.cloud.google.com/gender_mooneys/U0129.bmp,,78,no
https://storage.cloud.google.com/gender_mooneys/,U0131.bmp,https://storage.cloud.google.com/gender_mooneys/U0131.bmp,,79,no
https://storage.cloud.google.com/gender_mooneys/,U0133.bmp,https://storage.cloud.google.com/gender_mooneys/U0133.bmp,,80,no
https://storage.cloud.google.com/gender_mooneys/,U0134.bmp,https://storage.cloud.google.com/gender_mooneys/U0134.bmp,,81,no
https://storage.cloud.google.com/gender_mooneys/,U0136.bmp,https://storage.cloud.google.com/gender_mooneys/U0136.bmp,,82,no
https://storage.cloud.google.com/gender_mooneys/,U0137.bmp,https://storage.cloud.google.com/gender_mooneys/U0137.bmp,,83,no
https://storage.cloud.google.com/gender_mooneys/,U0138.bmp,https://storage.cloud.google.com/gender_mooneys/U0138.bmp,,84,no
https://storage.cloud.google.com/gender_mooneys/,U0139.bmp,https://storage.cloud.google.com/gender_mooneys/U0139.bmp,,85,no
https://storage.cloud.google.com/gender_mooneys/,U0140.bmp,https://storage.cloud.google.com/gender_mooneys/U0140.bmp,,86,no
https://storage.cloud.google.com/gender_mooneys/,U0141.bmp,https://storage.cloud.google.com/gender_mooneys/U0141.bmp,,87,no
https://storage.cloud.google.com/gender_mooneys/,U0142.bmp,https://storage.cloud.google.com/gender_mooneys/U0142.bmp,,88,no
https://storage.cloud.google.com/gender_mooneys/,U0144.bmp,https://storage.cloud.google.com/gender_mooneys/U0144.bmp,,89,no
https://storage.cloud.google.com/gender_mooneys/,U0145.bmp,https://storage.cloud.google.com/gender_mooneys/U0145.bmp,,90,no
https://storage.cloud.google.com/gender_mooneys/,U0146.bmp,https://storage.cloud.google.com/gender_mooneys/U0146.bmp,,91,no
https://storage.cloud.google.com/gender_mooneys/,U0149.bmp,https://storage.cloud.google.com/gender_mooneys/U0149.bmp,,92,no
https://storage.cloud.google.com/gender_mooneys/,U0152.bmp,https://storage.cloud.google.com/gender_mooneys/U0152.bmp,,93,no
https://storage.cloud.google.com/gender_mooneys/,U0153.bmp,https://storage.cloud.google.com/gender_mooneys/U0153.bmp,,94,no
https://storage.cloud.google.com/gender_mooneys/,U0155.bmp,https://storage.cloud.google.com/gender_mooneys/U0155.bmp,,95,no
https://storage.cloud.google.com/gender_mooneys/,U0156.bmp,https://storage.cloud.google.com/gender_mooneys/U0156.bmp,,96,no
https://storage.cloud.google.com/gender_mooneys/,U0157.bmp,https://storage.cloud.google.com/gender_mooneys/U0157.bmp,,97,no
https://storage.cloud.google.com/gender_mooneys/,U0158.bmp,https://storage.cloud.google.com/gender_mooneys/U0158.bmp,,98,no
https://storage.cloud.google.com/gender_mooneys/,U0159.bmp,https://storage.cloud.google.com/gender_mooneys/U0159.bmp,,99,no
https://storage.cloud.google.com/gender_mooneys/,U0160.bmp,https://storage.cloud.google.com/gender_mooneys/U0160.bmp,,100,no
https://storage.cloud.google.com/gender_mooneys/,U0164.bmp,https://storage.cloud.google.com/gender_mooneys/U0164.bmp,,101,no
https://storage.cloud.google.com/gender_mooneys/,U0165.bmp,https://storage.cloud.google.com/gender_mooneys/U0165.bmp,,102,no
https://storage.cloud.google.com/gender_mooneys/,U0166.bmp,https://storage.cloud.google.com/gender_mooneys/U0166.bmp,,103,no
https://storage.cloud.google.com/gender_mooneys/,U0168.bmp,https://storage.cloud.google.com/gender_mooneys/U0168.bmp,,104,no
https://storage.cloud.google.com/gender_mooneys/,U0171.bmp,https://storage.cloud.google.com/gender_mooneys/U0171.bmp,,105,no
https://storage.cloud.google.com/gender_mooneys/,U0173.bmp,https://storage.cloud.google.com/gender_mooneys/U0173.bmp,,106,no
https://storage.cloud.google.com/gender_mooneys/,U0175.bmp,https://storage.cloud.google.com/gender_mooneys/U0175.bmp,,107,no
https://storage.cloud.google.com/gender_mooneys/,U0178.bmp,https://storage.cloud.google.com/gender_mooneys/U0178.bmp,,108,no
https://storage.cloud.google.com/gender_mooneys/,U0179.bmp,https://storage.cloud.google.com/gender_mooneys/U0179.bmp,,109,no
https://storage.cloud.google.com/gender_mooneys/,U0181.bmp,https://storage.cloud.google.com/gender_mooneys/U0181.bmp,,110,no
https://storage.cloud.google.com/gender_mooneys/,U0182.bmp,https://storage.cloud.google.com/gender_mooneys/U0182.bmp,,111,no
https://storage.cloud.google.com/gender_mooneys/,U0183.bmp,https://storage.cloud.google.com/gender_mooneys/U0183.bmp,,112,no
https://storage.cloud.google.com/gender_mooneys/,U0186.bmp,https://storage.cloud.google.com/gender_mooneys/U0186.bmp,,113,no
https://storage.cloud.google.com/gender_mooneys/,U0187.bmp,https://storage.cloud.google.com/gender_mooneys/U0187.bmp,,114,no
https://storage.cloud.google.com/gender_mooneys/,U0188.bmp,https://storage.cloud.google.com/gender_mooneys/U0188.bmp,,115,no
https://storage.cloud.google.com/gender_mooneys/,U0189.bmp,https://storage.cloud.google.com/gender_mooneys/U0189.bmp,,116,no
https://storage.cloud.google.com/gender_mooneys/,U0192.bmp,https://storage.cloud.google.com/gender_mooneys/U0192.bmp,,117,no
https://storage.cloud.google.com/gender_mooneys/,U0193.bmp,https://storage.cloud.google.com/gender_mooneys/U0193.bmp,,118,no
https://storage.cloud.google.com/gender_mooneys/,U0194.bmp,https://storage.cloud.google.com/gender_mooneys/U0194.bmp,,119,no
https://storage.cloud.google.com/gender_mooneys/,U0195.bmp,https://storage.cloud.google.com/gender_mooneys/U0195.bmp,,120,no
https://storage.cloud.google.com/gender_mooneys/,U0197.bmp,https://storage.cloud.google.com/gender_mooneys/U0197.bmp,,121,no
https://storage.cloud.google.com/gender_mooneys/,U0198.bmp,https://storage.cloud.google.com/gender_mooneys/U0198.bmp,,122,no
https://storage.cloud.google.com/gender_mooneys/,U0199.bmp,https://storage.cloud.google.com/gender_mooneys/U0199.bmp,,123,no
https://storage.cloud.google.com/gender_mooneys/,U0204.bmp,https://storage.cloud.google.com/gender_mooneys/U0204.bmp,,124,no
https://storage.cloud.google.com/gender_mooneys/,U0206.bmp,https://storage.cloud.google.com/gender_mooneys/U0206.bmp,,125,no
https://storage.cloud.google.com/gender_mooneys/,U0207.bmp,https://storage.cloud.google.com/gender_mooneys/U0207.bmp,,126,no
https://storage.cloud.google.com/gender_mooneys/,U0208.bmp,https://storage.cloud.google.com/gender_mooneys/U0208.bmp,,127,no
https://storage.cloud.google.com/gender_mooneys/,U0209.bmp,https://storage.cloud.google.com/gender_mooneys/U0209.bmp,,128,no
https://storage.cloud.google.com/gender_mooneys/,U0210.bmp,https://storage.cloud.google.com/gender_mooneys/U0210.bmp,,129,no
https://storage.cloud.google.com/gender_mooneys/,U0211.bmp,https://storage.cloud.google.com/gender_mooneys/U0211.bmp,,130,no
https://storage.cloud.google.com/gender_mooneys/,U0214.bmp,https://storage.cloud.google.com/gender_mooneys/U0214.bmp,,131,no
https://storage.cloud.google.com/gender_mooneys/,U0215.bmp,https://storage.cloud.google.com/gender_mooneys/U0215.bmp,,132,no
https://storage.cloud.google.com/gender_mooneys/,U0217.bmp,https://storage.cloud.google.com/gender_mooneys/U0217.bmp,,133,no
https://storage.cloud.google.com/gender_mooneys/,U0219.bmp,https://storage.cloud.google.com/gender_mooneys/U0219.bmp,,134,no
https://storage.cloud.google.com/gender_mooneys/,U0220.bmp,https://storage.cloud.google.com/gender_mooneys/U0220.bmp,,135,no
https://storage.cloud.google.com/gender_mooneys/,U0222.bmp,https://storage.cloud.google.com/gender_mooneys/U0222.bmp,,136,no
https://storage.cloud.google.com/gender_mooneys/,U0223.bmp,https://storage.cloud.google.com/gender_mooneys/U0223.bmp,,137,no
https://storage.cloud.google.com/gender_mooneys/,U0225.bmp,https://storage.cloud.google.com/gender_mooneys/U0225.bmp,,138,no
https://storage.cloud.google.com/gender_mooneys/,U0228.bmp,https://storage.cloud.google.com/gender_mooneys/U0228.bmp,,139,no
https://storage.cloud.google.com/gender_mooneys/,U0229.bmp,https://storage.cloud.google.com/gender_mooneys/U0229.bmp,,140,no
https://storage.cloud.google.com/gender_mooneys/,U0230.bmp,https://storage.cloud.google.com/gender_mooneys/U0230.bmp,,141,no
https://storage.cloud.google.com/gender_mooneys/,U0231.bmp,https://storage.cloud.google.com/gender_mooneys/U0231.bmp,,142,no
https://storage.cloud.google.com/gender_mooneys/,U0233.bmp,https://storage.cloud.google.com/gender_mooneys/U0233.bmp,,143,no
https://storage.cloud.google.com/gender_mooneys/,U0234.bmp,https://storage.cloud.google.com/gender_mooneys/U0234.bmp,,144,no
https://storage.cloud.google.com/gender_mooneys/,U0236.bmp,https://storage.cloud.google.com/gender_mooneys/U0236.bmp,,145,no
https://storage.cloud.google.com/gender_mooneys/,U0239.bmp,https://storage.cloud.google.com/gender_mooneys/U0239.bmp,,146,no
https://storage.cloud.google.com/gender_mooneys/,U0240.bmp,https://storage.cloud.google.com/gender_mooneys/U0240.bmp,,147,no
https://storage.cloud.google.com/gender_mooneys/,U0242.bmp,https://storage.cloud.google.com/gender_mooneys/U0242.bmp,,148,no
https://storage.cloud.google.com/gender_mooneys/,U0244.bmp,https://storage.cloud.google.com/gender_mooneys/U0244.bmp,,149,no
https://storage.cloud.google.com/gender_mooneys/,U0245.bmp,https://storage.cloud.google.com/gender_mooneys/U0245.bmp,,150,no
https://storage.cloud.google.com/gender_mooneys/,U0248.bmp,https://storage.cloud.google.com/gender_mooneys/U0248.bmp,,151,no
https://storage.cloud.google.com/gender_mooneys/,U0249.bmp,https://storage.cloud.google.com/gender_mooneys/U0249.bmp,,152,no
https://storage.cloud.google.com/gender_mooneys/,U0252.bmp,https://storage.cloud.google.com/gender_mooneys/U0252.bmp,,153,no
https://storage.cloud.google.com/gender_mooneys/,U0254.bmp,https://storage.cloud.google.com/gender_mooneys/U0254.bmp,,154,no
https://storage.cloud.google.com/gender_mooneys/,U0255.bmp,https://storage.cloud.google.com/gender_mooneys/U0255.bmp,,155,no
https://storage.cloud.google.com/gender_mooneys/,U0258.bmp,https://storage.cloud.google.com/gender_mooneys/U0258.bmp,,156,no
https://storage.cloud.google.com/gender_mooneys/,U0260.bmp,https://storage.cloud.google.com/gender_mooneys/U0260.bmp,,157,no
https://storage.cloud.google.com/gender_mooneys/,U0262.bmp,https://storage.cloud.google.com/gender_mooneys/U0262.bmp,,158,no
https://storage.cloud.google.com/gender_mooneys/,U0264.bmp,https://storage.cloud.google.com/gender_mooneys/U0264.bmp,,159,no
https://storage.cloud.google.com/gender_mooneys/,U0266.bmp,https://storage.cloud.google.com/gender_mooneys/U0266.bmp,,160,no
https://storage.cloud.google.com/gender_mooneys/,U0269.bmp,https://storage.cloud.google.com/gender_mooneys/U0269.bmp,,161,no
https://storage.cloud.google.com/gender_mooneys/,U0272.bmp,https://storage.cloud.google.com/gender_mooneys/U0272.bmp,,162,no
https://storage.cloud.google.com/gender_mooneys/,U0273.bmp,https://storage.cloud.google.com/gender_mooneys/U0273.bmp,,163,no
https://storage.cloud.google.com/gender_mooneys/,U0274.bmp,https://storage.cloud.google.com/gender_mooneys/U0274.bmp,,164,no
https://storage.cloud.google.com/gender_mooneys/,U0276.bmp,https://storage.cloud.google.com/gender_mooneys/U0276.bmp,,165,no
https://storage.cloud.google.com/gender_mooneys/,U0277.bmp,https://storage.cloud.google.com/gender_mooneys/U0277.bmp,,166,no
https://storage.cloud.google.com/gender_mooneys/,U0280.bmp,https://storage.cloud.google.com/gender_mooneys/U0280.bmp,,167,no
https://storage.cloud.google.com/gender_mooneys/,U0283.bmp,https://storage.cloud.google.com/gender_mooneys/U0283.bmp,,168,no
https://storage.cloud.google.com/gender_mooneys/,U0284.bmp,https://storage.cloud.google.com/gender_mooneys/U0284.bmp,,169,no
https://storage.cloud.google.com/gender_mooneys/,U0286.bmp,https://storage.cloud.google.com/gender_mooneys/U0286.bmp,,170,no
https://storage.cloud.google.com/gender_mooneys/,U0288.bmp,https://storage.cloud.google.com/gender_mooneys/U0288.bmp,,171,no
https://storage.cloud.google.com/gender_mooneys/,U0291.bmp,https://storage.cloud.google.com/gender_mooneys/U0291.bmp,,172,no
https://storage.cloud.google.com/gender_mooneys/,U0292.bmp,https://storage.cloud.google.com/gender_mooneys/U0292.bmp,,173,no
https://storage.cloud.google.com/gender_mooneys/,U0293.bmp,https://storage.cloud.google.com/gender_mooneys/U0293.bmp,,174,no
https://storage.cloud.google.com/gender_mooneys/,U0294.bmp,https://storage.cloud.google.com/gender_mooneys/U0294.bmp,,175,no
https://storage.cloud.google.com/gender_mooneys/,U0295.bmp,https://storage.cloud.google.com/gender_mooneys/U0295.bmp,,176,no
https://storage.cloud.google.com/gender_mooneys/,U0296.bmp,https://storage.cloud.google.com/gender_mooneys/U0296.bmp,,177,no
https://storage.cloud.google.com/gender_mooneys/,U0297.bmp,https://storage.cloud.google.com/gender_mooneys/U0297.bmp,,178,no
https://storage.cloud.google.com/gender_mooneys/,U0298.bmp,https://storage.cloud.google.com/gender_mooneys/U0298.bmp,,179,no
https://storage.cloud.google.com/gender_mooneys/,U0301.bmp,https://storage.cloud.google.com/gender_mooneys/U0301.bmp,,180,no
https://storage.cloud.google.com/gender_mooneys/,U0302.bmp,https://storage.cloud.google.com/gender_mooneys/U0302.bmp,,181,no
https://storage.cloud.google.com/gender_mooneys/,U0304.bmp,https://storage.cloud.google.com/gender_mooneys/U0304.bmp,,182,no
https://storage.cloud.google.com/gender_mooneys/,U0305.bmp,https://storage.cloud.google.com/gender_mooneys/U0305.bmp,,183,no
https://storage.cloud.google.com/gender_mooneys/,U0307.bmp,https://storage.cloud.google.com/gender_mooneys/U0307.bmp,,184,no
https://storage.cloud.google.com/gender_mooneys/,U0309.bmp,https://storage.cloud.google.com/gender_mooneys/U0309.bmp,,185,no
https://storage.cloud.google.com/gender_mooneys/,U0312.bmp,https://storage.cloud.google.com/gender_mooneys/U0312.bmp,,186,no
https://storage.cloud.google.com/gender_mooneys/,U0313.bmp,https://storage.cloud.google.com/gender_mooneys/U0313.bmp,,187,no
https://storage.cloud.google.com/gender_mooneys/,U0314.bmp,https://storage.cloud.google.com/gender_mooneys/U0314.bmp,,188,no
https://storage.cloud.google.com/gender_mooneys/,U0316.bmp,https://storage.cloud.google.com/gender_mooneys/U0316.bmp,,189,no
https://storage.cloud.google.com/gender_mooneys/,U0317.bmp,https://storage.cloud.google.com/gender_mooneys/U0317.bmp,,190,no
https://storage.cloud.google.com/gender_mooneys/,U0319.bmp,https://storage.cloud.google.com/gender_mooneys/U0319.bmp,,191,no
https://storage.cloud.google.com/gender_mooneys/,U0320.bmp,https://storage.cloud.google.com/gender_mooneys/U0320.bmp,,192,no
https://storage.cloud.google.com/gender_mooneys/,U0321.bmp,https://storage.cloud.google.com/gender_mooneys/U0321.bmp,,193,no
https://storage.cloud.google.com/gender_mooneys/,U0325.bmp,https://storage.cloud.google.com/gender_mooneys/U0325.bmp,,194,no
https://storage.cloud.google.com/gender_mooneys/,U0326.bmp,https://storage.cloud.google.com/gender_mooneys/U0326.bmp,,195,no
https://storage.cloud.google.com/gender_mooneys/,U0328.bmp,https://storage.cloud.google.com/gender_mooneys/U0328.bmp,,196,no
https://storage.cloud.google.com/gender_mooneys/,U0329.bmp,https://storage.cloud.google.com/gender_mooneys/U0329.bmp,,197,no
https://storage.cloud.google.com/gender_mooneys/,U0330.bmp,https://storage.cloud.google.com/gender_mooneys/U0330.bmp,,198,no
https://storage.cloud.google.com/gender_mooneys/,U0331.bmp,https://storage.cloud.google.com/gender_mooneys/U0331.bmp,,199,no
https://storage.cloud.google.com/gender_mooneys/,U0332.bmp,https://storage.cloud.google.com/gender_mooneys/U0332.bmp,,200,no
https://storage.cloud.google.com/gender_mooneys/,U0334.bmp,https://storage.cloud.google.com/gender_mooneys/U0334.bmp,,201,no
https://storage.cloud.google.com/gender_mooneys/,U0335.bmp,https://storage.cloud.google.com/gender_mooneys/U0335.bmp,,202,no
https://storage.cloud.google.com/gender_mooneys/,U0336.bmp,https://storage.cloud.google.com/gender_mooneys/U0336.bmp,,203,no
https://storage.cloud.google.com/gender_mooneys/,U0337.bmp,https://storage.cloud.google.com/gender_mooneys/U0337.bmp,,204,no
https://storage.cloud.google.com/gender_mooneys/,U0340.bmp,https://storage.cloud.google.com/gender_mooneys/U0340.bmp,,205,no
https://storage.cloud.google.com/gender_mooneys/,U0346.bmp,https://storage.cloud.google.com/gender_mooneys/U0346.bmp,,206,no
https://storage.cloud.google.com/gender_mooneys/,U0348.bmp,https://storage.cloud.google.com/gender_mooneys/U0348.bmp,,207,no
https://storage.cloud.google.com/gender_mooneys/,U0355.bmp,https://storage.cloud.google.com/gender_mooneys/U0355.bmp,,208,no
https://storage.cloud.google.com/gender_mooneys/,U0356.bmp,https://storage.cloud.google.com/gender_mooneys/U0356.bmp,,209,no
https://storage.cloud.google.com/gender_mooneys/,U0357.bmp,https://storage.cloud.google.com/gender_mooneys/U0357.bmp,,210,no
https://storage.cloud.google.com/gender_mooneys/,U0359.bmp,https://storage.cloud.google.com/gender_mooneys/U0359.bmp,,211,no
https://storage.cloud.google.com/gender_mooneys/,U0361.bmp,https://storage.cloud.google.com/gender_mooneys/U0361.bmp,,212,no
https://storage.cloud.google.com/gender_mooneys/,U0362.bmp,https://storage.cloud.google.com/gender_mooneys/U0362.bmp,,213,no
https://storage.cloud.google.com/gender_mooneys/,U0363.bmp,https://storage.cloud.google.com/gender_mooneys/U0363.bmp,,214,no
https://storage.cloud.google.com/gender_mooneys/,U0366.bmp,https://storage.cloud.google.com/gender_mooneys/U0366.bmp,,215,no
https://storage.cloud.google.com/gender_mooneys/,U0367.bmp,https://storage.cloud.google.com/gender_mooneys/U0367.bmp,,216,no
https://storage.cloud.google.com/gender_mooneys/,U0368.bmp,https://storage.cloud.google.com/gender_mooneys/U0368.bmp,,217,no
https://storage.cloud.google.com/gender_mooneys/,U0369.bmp,https://storage.cloud.google.com/gender_mooneys/U0369.bmp,,218,no
https://storage.cloud.google.com/gender_mooneys/,U0370.bmp,https://storage.cloud.google.com/gender_mooneys/U0370.bmp,,219,no
https://storage.cloud.google.com/gender_mooneys/,U0373.bmp,https://storage.cloud.google.com/gender_mooneys/U0373.bmp,,220,no
https://storage.cloud.google.com/gender_mooneys/,U0374.bmp,https://storage.cloud.google.com/gender_mooneys/U0374.bmp,,221,no
https://storage.cloud.google.com/gender_mooneys/,U0375.bmp,https://storage.cloud.google.com/gender_mooneys/U0375.bmp,,222,no
https://storage.cloud.google.com/gender_mooneys/,U0377.bmp,https://storage.cloud.google.com/gender_mooneys/U0377.bmp,,223,no
https://storage.cloud.google.com/gender_mooneys/,U0381.bmp,https://storage.cloud.google.com/gender_mooneys/U0381.bmp,,224,no
https://storage.cloud.google.com/gender_mooneys/,U0382.bmp,https://storage.cloud.google.com/gender_mooneys/U0382.bmp,,225,no
https://storage.cloud.google.com/gender_mooneys/,U0384.bmp,https://storage.cloud.google.com/gender_mooneys/U0384.bmp,,226,no
https://storage.cloud.google.com/gender_mooneys/,U0385.bmp,https://storage.cloud.google.com/gender_mooneys/U0385.bmp,,227,no
https://storage.cloud.google.com/gender_mooneys/,U0387.bmp,https://storage.cloud.google.com/gender_mooneys/U0387.bmp,,228,no
https://storage.cloud.google.com/gender_mooneys/,U0393.bmp,https://storage.cloud.google.com/gender_mooneys/U0393.bmp,,229,no
https://storage.cloud.google.com/gender_mooneys/,U0395.bmp,https://storage.cloud.google.com/gender_mooneys/U0395.bmp,,230,no
https://storage.cloud.google.com/gender_mooneys/,U0396.bmp,https://storage.cloud.google.com/gender_mooneys/U0396.bmp,,231,no
https://storage.cloud.google.com/gender_mooneys/,U0397.bmp,https://storage.cloud.google.com/gender_mooneys/U0397.bmp,,232,no
https://storage.cloud.google.com/gender_mooneys/,U0398.bmp,https://storage.cloud.google.com/gender_mooneys/U0398.bmp,,233,no
https://storage.cloud.google.com/gender_mooneys/,U0399.bmp,https://storage.cloud.google.com/gender_mooneys/U0399.bmp,,234,no
https://storage.cloud.google.com/gender_mooneys/,U0400.bmp,https://storage.cloud.google.com/gender_mooneys/U0400.bmp,,235,no
https://storage.cloud.google.com/gender_mooneys/,U0401.bmp,https://storage.cloud.google.com/gender_mooneys/U0401.bmp,,236,no
https://storage.cloud.google.com/gender_mooneys/,U0402.bmp,https://storage.cloud.google.com/gender_mooneys/U0402.bmp,,237,no
https://storage.cloud.google.com/gender_mooneys/,U0403.bmp,https://storage.cloud.google.com/gender_mooneys/U0403.bmp,,238,no
https://storage.cloud.google.com/gender_mooneys/,U0406.bmp,https://storage.cloud.google.com/gender_mooneys/U0406.bmp,,239,no
https://storage.cloud.google.com/gender_mooneys/,U0408.bmp,https://storage.cloud.google.com/gender_mooneys/U0408.bmp,,240,no
https://storage.cloud.google.com/gender_mooneys/,U0411.bmp,https://storage.cloud.google.com/gender_mooneys/U0411.bmp,,241,no
https://storage.cloud.google.com/gender_mooneys/,U0412.bmp,https://storage.cloud.google.com/gender_mooneys/U0412.bmp,,242,no
https://storage.cloud.google.com/gender_mooneys/,U0415.bmp,https://storage.cloud.google.com/gender_mooneys/U0415.bmp,,243,no
https://storage.cloud.google.com/gender_mooneys/,U0416.bmp,https://storage.cloud.google.com/gender_mooneys/U0416.bmp,,244,no
https://storage.cloud.google.com/gender_mooneys/,U0417.bmp,https://storage.cloud.google.com/gender_mooneys/U0417.bmp,,245,no
https://storage.cloud.google.com/gender_mooneys/,U0419.bmp,https://storage.cloud.google.com/gender_mooneys/U0419.bmp,,246,no
https://storage.cloud.google.com/gender_mooneys/,U0424.bmp,https://storage.cloud.google.com/gender_mooneys/U0424.bmp,,247,no
https://storage.cloud.google.com/gender_mooneys/,U0427.bmp,https://storage.cloud.google.com/gender_mooneys/U0427.bmp,,248,no
https://storage.cloud.google.com/gender_mooneys/,U0432.bmp,https://storage.cloud.google.com/gender_mooneys/U0432.bmp,,249,no
https://storage.cloud.google.com/gender_mooneys/,U0434.bmp,https://storage.cloud.google.com/gender_mooneys/U0434.bmp,,250,no
https://storage.cloud.google.com/gender_mooneys/,U0435.bmp,https://storage.cloud.google.com/gender_mooneys/U0435.bmp,,251,no
https://storage.cloud.google.com/gender_mooneys/,U0436.bmp,https://storage.cloud.google.com/gender_mooneys/U0436.bmp,,252,no
https://storage.cloud.google.com/gender_mooneys/,U0441.bmp,https://storage.cloud.google.com/gender_mooneys/U0441.bmp,,253,no
https://storage.cloud.google.com/gender_mooneys/,U0443.bmp,https://storage.cloud.google.com/gender_mooneys/U0443.bmp,,254,no
https://storage.cloud.google.com/gender_mooneys/,U0445.bmp,https://storage.cloud.google.com/gender_mooneys/U0445.bmp,,255,no
https://storage.cloud.google.com/gender_mooneys/,U0448.bmp,https://storage.cloud.google.com/gender_mooneys/U0448.bmp,,256,no
https://storage.cloud.google.com/gender_mooneys/,U0451.bmp,https://storage.cloud.google.com/gender_mooneys/U0451.bmp,,257,no
https://storage.cloud.google.com/gender_mooneys/,U0452.bmp,https://storage.cloud.google.com/gender_mooneys/U0452.bmp,,258,no
https://storage.cloud.google.com/gender_mooneys/,U0457.bmp,https://storage.cloud.google.com/gender_mooneys/U0457.bmp,,259,no
https://storage.cloud.google.com/gender_mooneys/,U0459.bmp,https://storage.cloud.google.com/gender_mooneys/U0459.bmp,,260,no
https://storage.cloud.google.com/gender_mooneys/,U0461.bmp,https://storage.cloud.google.com/gender_mooneys/U0461.bmp,,261,no
https://storage.cloud.google.com/gender_mooneys/,U0462.bmp,https://storage.cloud.google.com/gender_mooneys/U0462.bmp,,262,no
https://storage.cloud.google.com/gender_mooneys/,U0464.bmp,https://storage.cloud.google.com/gender_mooneys/U0464.bmp,,263,no
https://storage.cloud.google.com/gender_mooneys/,U0470.bmp,https://storage.cloud.google.com/gender_mooneys/U0470.bmp,,264,no
https://storage.cloud.google.com/gender_mooneys/,U0480.bmp,https://storage.cloud.google.com/gender_mooneys/U0480.bmp,,265,no
https://storage.cloud.google.com/gender_mooneys/,U0488.bmp,https://storage.cloud.google.com/gender_mooneys/U0488.bmp,,266,no
https://storage.cloud.google.com/gender_mooneys/,U0493.bmp,https://storage.cloud.google.com/gender_mooneys/U0493.bmp,,267,no
https://storage.cloud.google.com/gender_mooneys/,U0495.bmp,https://storage.cloud.google.com/gender_mooneys/U0495.bmp,,268,no
https://storage.cloud.google.com/gender_mooneys/,U0497.bmp,https://storage.cloud.google.com/gender_mooneys/U0497.bmp,,269,no
https://storage.cloud.google.com/gender_mooneys/,U0499.bmp,https://storage.cloud.google.com/gender_mooneys/U0499.bmp,,270,no
https://storage.cloud.google.com/gender_mooneys/,U0501.bmp,https://storage.cloud.google.com/gender_mooneys/U0501.bmp,,271,no
https://storage.cloud.google.com/gender_mooneys/,U0502.bmp,https://storage.cloud.google.com/gender_mooneys/U0502.bmp,,272,no
https://storage.cloud.google.com/gender_mooneys/,U0503.bmp,https://storage.cloud.google.com/gender_mooneys/U0503.bmp,,273,no
https://storage.cloud.google.com/gender_mooneys/,U0504.bmp,https://storage.cloud.google.com/gender_mooneys/U0504.bmp,,274,no
https://storage.cloud.google.com/gender_mooneys/,Obama.jpg,https://storage.cloud.google.com/gender_mooneys/Obama.jpg,,275,yes
https://storage.cloud.google.com/gender_mooneys/,juliaroberts.jpg,https://storage.cloud.google.com/gender_mooneys/juliaroberts.jpg,,276,yes
https://storage.cloud.google.com/gender_mooneys/,arnold.jpg,https://storage.cloud.google.com/gender_mooneys/arnold.jpg,,277,yes
https://storage.cloud.google.com/gender_mooneys/,angelina.jpg,https://storage.cloud.google.com/gender_mooneys/angelina.jpg,,278,yes